mean_fit_time,std_fit_time,mean_score_time,std_score_time,param_selector__k,param_svm__C,param_svm__class_weight,param_svm__gamma,params,split0_test_score,split1_test_score,split2_test_score,split3_test_score,split4_test_score,mean_test_score,std_test_score,rank_test_score,split0_train_score,split1_train_score,split2_train_score,split3_train_score,split4_train_score,mean_train_score,std_train_score
1.5994991779327392,0.07566297567510855,0.13090157508850098,0.035257272125354705,100,3,,scale,"{'selector__k': 100, 'svm__C': 3, 'svm__class_weight': None, 'svm__gamma': 'scale'}",0.45631834890465334,0.5542163191690761,0.569493706138321,0.46280573845699896,0.4673383653828855,0.5020344956103869,0.04920644410063722,1,0.9833712926423988,0.9789983904256502,0.9779196842575503,0.9889304380527777,0.9678067594951576,0.979405312974707,0.006976476531051686
1.6340251922607423,0.1766450403096826,0.11771087646484375,0.014166832968025855,100,3,,auto,"{'selector__k': 100, 'svm__C': 3, 'svm__class_weight': None, 'svm__gamma': 'auto'}",0.45631834890465334,0.5542163191690761,0.569493706138321,0.46280573845699896,0.4673383653828855,0.5020344956103869,0.04920644410063722,1,0.9833712926423988,0.9789983904256502,0.9779196842575503,0.9889304380527777,0.9678067594951576,0.979405312974707,0.006976476531051686
1.7311642169952393,0.07702129900994183,0.1252518653869629,0.01778944340721651,125,3,,scale,"{'selector__k': 125, 'svm__C': 3, 'svm__class_weight': None, 'svm__gamma': 'scale'}",0.4190881198180249,0.5694412902770963,0.5916197682478123,0.45560139594789073,0.4516480062017819,0.49747971609852115,0.0693403191152618,3,0.9944588004693403,0.9878199100825495,0.9823451383028484,0.9911218545225142,0.9916921799619252,0.9894875766678355,0.004148246461158521
1.7739447593688964,0.11887018607048458,0.1274261951446533,0.005129700953058592,125,3,,auto,"{'selector__k': 125, 'svm__C': 3, 'svm__class_weight': None, 'svm__gamma': 'auto'}",0.4190881198180249,0.5694412902770963,0.5916197682478123,0.45560139594789073,0.4516480062017819,0.49747971609852115,0.0693403191152618,3,0.9944588004693403,0.9878199100825495,0.9823451383028484,0.9911218545225142,0.9916921799619252,0.9894875766678355,0.004148246461158521
1.7430915832519531,0.05467184412910786,0.13492484092712403,0.012481203552322958,150,3,balanced,scale,"{'selector__k': 150, 'svm__C': 3, 'svm__class_weight': 'balanced', 'svm__gamma': 'scale'}",0.41457454640068386,0.5588200190086279,0.5933424623670145,0.4900467464803679,0.4131710781755723,0.4939909704864533,0.0733865175381787,5,0.9944576033069571,0.9911636951988751,0.9856875853400798,0.9933420766464878,0.9906585484703782,0.9910619017925557,0.0030260971323090957
1.8207117557525634,0.0864017182829235,0.13011541366577148,0.012239093169706523,150,3,balanced,auto,"{'selector__k': 150, 'svm__C': 3, 'svm__class_weight': 'balanced', 'svm__gamma': 'auto'}",0.41457454640068386,0.5588200190086279,0.5933424623670145,0.4900467464803679,0.4131710781755723,0.4939909704864533,0.0733865175381787,5,0.9944576033069571,0.9911636951988751,0.9856875853400798,0.9933420766464878,0.9906585484703782,0.9910619017925557,0.0030260971323090957
1.7690791130065917,0.055289437530542114,0.13338155746459962,0.01363082075464805,150,3,,scale,"{'selector__k': 150, 'svm__C': 3, 'svm__class_weight': None, 'svm__gamma': 'scale'}",0.41312884295762253,0.5616854764613497,0.579672121394416,0.4957128331964956,0.41862506231583335,0.49376486726514346,0.06949132138739107,7,0.9955662198475572,0.9900172141469634,0.9911193522332739,0.9900026946996598,0.9937559849521204,0.9920922931759149,0.0022115616967378726
1.7978041648864747,0.12756836919324346,0.12918548583984374,0.009388148623572044,150,3,,auto,"{'selector__k': 150, 'svm__C': 3, 'svm__class_weight': None, 'svm__gamma': 'auto'}",0.41312884295762253,0.5616854764613497,0.579672121394416,0.4957128331964956,0.41862506231583335,0.49376486726514346,0.06949132138739107,7,0.9955662198475572,0.9900172141469634,0.9911193522332739,0.9900026946996598,0.9937559849521204,0.9920922931759149,0.0022115616967378726
1.7730226516723633,0.12514124101813587,0.13219223022460938,0.025914681630795973,125,10,balanced,auto,"{'selector__k': 125, 'svm__C': 10, 'svm__class_weight': 'balanced', 'svm__gamma': 'auto'}",0.43536474772706063,0.5564871106886493,0.5882890763641241,0.4541234638810201,0.4324636571188917,0.4933456111559491,0.06573869520633935,9,1.0,1.0,1.0,1.0,1.0,1.0,0.0
1.7737284660339356,0.06258072906855558,0.12395544052124023,0.018374449299213173,125,10,balanced,scale,"{'selector__k': 125, 'svm__C': 10, 'svm__class_weight': 'balanced', 'svm__gamma': 'scale'}",0.43536474772706063,0.5564871106886493,0.5882890763641241,0.4541234638810201,0.4324636571188917,0.4933456111559491,0.06573869520633935,9,1.0,1.0,1.0,1.0,1.0,1.0,0.0
1.7393548488616943,0.05695660377300135,0.12471418380737305,0.00993813588118275,125,3,balanced,scale,"{'selector__k': 125, 'svm__C': 3, 'svm__class_weight': 'balanced', 'svm__gamma': 'scale'}",0.41944945676472767,0.5659275745822463,0.5865178627642597,0.455865946212441,0.438595588815305,0.49327128582779595,0.06901030955979916,11,0.9889953167930307,0.9834401061009708,0.9813072684431349,0.9933354265791652,0.9875329776775407,0.9869222191187685,0.004229722734949591
1.6907829284667968,0.06267062429555192,0.11936616897583008,0.008762393015323316,125,3,balanced,auto,"{'selector__k': 125, 'svm__C': 3, 'svm__class_weight': 'balanced', 'svm__gamma': 'auto'}",0.41944945676472767,0.5659275745822463,0.5865178627642597,0.455865946212441,0.438595588815305,0.49327128582779595,0.06901030955979916,11,0.9889953167930307,0.9834401061009708,0.9813072684431349,0.9933354265791652,0.9875329776775407,0.9869222191187685,0.004229722734949591
1.5038148880004882,0.0993515645953664,0.1098367691040039,0.006656090256445316,100,3,balanced,scale,"{'selector__k': 100, 'svm__C': 3, 'svm__class_weight': 'balanced', 'svm__gamma': 'scale'}",0.46124476366716166,0.5557199162019276,0.5672392485348501,0.4682991767147108,0.41357994872010473,0.4932166107677509,0.058942496657503805,13,0.9833449851823528,0.9790238102328637,0.9758063613479032,0.9867085047346921,0.9710246544303748,0.9791816631856373,0.005512548696145046
1.4291873931884767,0.09623266763906682,0.11121616363525391,0.009759122071264403,100,3,balanced,auto,"{'selector__k': 100, 'svm__C': 3, 'svm__class_weight': 'balanced', 'svm__gamma': 'auto'}",0.46124476366716166,0.5557199162019276,0.5672392485348501,0.4682991767147108,0.41357994872010473,0.4932166107677509,0.058942496657503805,13,0.9833449851823528,0.9790238102328637,0.9758063613479032,0.9867085047346921,0.9710246544303748,0.9791816631856373,0.005512548696145046
1.4855061054229737,0.0465371907237355,0.11629853248596192,0.01461322879425423,100,10,,scale,"{'selector__k': 100, 'svm__C': 10, 'svm__class_weight': None, 'svm__gamma': 'scale'}",0.46833622935616076,0.5201158062616309,0.5683969016992527,0.45720364618005443,0.4475928763072852,0.4923290919608768,0.045539425903936066,15,0.9988888695984306,0.9988888695984306,1.0,1.0,0.9979186616507068,0.9991392801695136,0.0007870194063502542
1.439456081390381,0.11124318620353148,0.10938558578491211,0.008730675486131404,100,10,,auto,"{'selector__k': 100, 'svm__C': 10, 'svm__class_weight': None, 'svm__gamma': 'auto'}",0.46833622935616076,0.5201158062616309,0.5683969016992527,0.45720364618005443,0.4475928763072852,0.4923290919608768,0.045539425903936066,15,0.9988888695984306,0.9988888695984306,1.0,1.0,0.9979186616507068,0.9991392801695136,0.0007870194063502542
1.7888992309570313,0.04076193616674661,0.130717134475708,0.014756986259110075,125,30,,auto,"{'selector__k': 125, 'svm__C': 30, 'svm__class_weight': None, 'svm__gamma': 'auto'}",0.43536474772706063,0.5564871106886493,0.5934291832828155,0.4508666967532852,0.4251247780179988,0.49225450329396186,0.0690187489859147,17,1.0,1.0,1.0,1.0,1.0,1.0,0.0
1.8062140464782714,0.1195174786673969,0.12341461181640626,0.012106521579826347,125,30,,scale,"{'selector__k': 125, 'svm__C': 30, 'svm__class_weight': None, 'svm__gamma': 'scale'}",0.43536474772706063,0.5564871106886493,0.5934291832828155,0.4508666967532852,0.4251247780179988,0.49225450329396186,0.0690187489859147,17,1.0,1.0,1.0,1.0,1.0,1.0,0.0
1.8064490795135497,0.07762132613957753,0.12385835647583007,0.008192939835652249,125,30,balanced,auto,"{'selector__k': 125, 'svm__C': 30, 'svm__class_weight': 'balanced', 'svm__gamma': 'auto'}",0.43536474772706063,0.5564871106886493,0.5934291832828155,0.4508666967532852,0.4251247780179988,0.49225450329396186,0.0690187489859147,17,1.0,1.0,1.0,1.0,1.0,1.0,0.0
1.7928504467010498,0.09618341374129691,0.12611627578735352,0.01564141280435132,125,30,balanced,scale,"{'selector__k': 125, 'svm__C': 30, 'svm__class_weight': 'balanced', 'svm__gamma': 'scale'}",0.43536474772706063,0.5564871106886493,0.5934291832828155,0.4508666967532852,0.4251247780179988,0.49225450329396186,0.0690187489859147,17,1.0,1.0,1.0,1.0,1.0,1.0,0.0
1.8321935653686523,0.09731782761372366,0.1225020408630371,0.011916119073785578,125,10,,auto,"{'selector__k': 125, 'svm__C': 10, 'svm__class_weight': None, 'svm__gamma': 'auto'}",0.43536474772706063,0.5564871106886493,0.5882890763641241,0.4541234638810201,0.42554625212368347,0.4919621301569075,0.06706482072831041,21,1.0,1.0,1.0,1.0,1.0,1.0,0.0
1.71601243019104,0.07880769982727644,0.12243337631225586,0.010384803290350148,125,10,,scale,"{'selector__k': 125, 'svm__C': 10, 'svm__class_weight': None, 'svm__gamma': 'scale'}",0.43536474772706063,0.5564871106886493,0.5882890763641241,0.4541234638810201,0.42554625212368347,0.4919621301569075,0.06706482072831041,21,1.0,1.0,1.0,1.0,1.0,1.0,0.0
1.5344389438629151,0.0684154767412107,0.11462984085083008,0.00785096994412011,100,10,balanced,scale,"{'selector__k': 100, 'svm__C': 10, 'svm__class_weight': 'balanced', 'svm__gamma': 'scale'}",0.46935532056266155,0.5201158062616309,0.5683969016992527,0.4524830432051539,0.4476349107755492,0.4915971965008496,0.04619265400630546,23,0.9988888695984306,0.9988888695984306,0.9988888695984306,1.0,0.9979186616507068,0.9989170540891997,0.000659081543288648
1.661182737350464,0.13481609726909846,0.11615715026855469,0.004341155420394575,100,10,balanced,auto,"{'selector__k': 100, 'svm__C': 10, 'svm__class_weight': 'balanced', 'svm__gamma': 'auto'}",0.46935532056266155,0.5201158062616309,0.5683969016992527,0.4524830432051539,0.4476349107755492,0.4915971965008496,0.04619265400630546,23,0.9988888695984306,0.9988888695984306,0.9988888695984306,1.0,0.9979186616507068,0.9989170540891997,0.000659081543288648
1.529834270477295,0.1348595708212519,0.11876726150512695,0.016324855635387162,100,30,balanced,auto,"{'selector__k': 100, 'svm__C': 30, 'svm__class_weight': 'balanced', 'svm__gamma': 'auto'}",0.46833622935616076,0.5201757560669714,0.5649940333811301,0.4571973271282206,0.43403059082387346,0.4889467873512713,0.04734351926532865,25,1.0,1.0,1.0,1.0,1.0,1.0,0.0
1.4764819622039795,0.03774305763883841,0.11676855087280273,0.013888360525580516,100,30,balanced,scale,"{'selector__k': 100, 'svm__C': 30, 'svm__class_weight': 'balanced', 'svm__gamma': 'scale'}",0.46833622935616076,0.5201757560669714,0.5649940333811301,0.4571973271282206,0.43403059082387346,0.4889467873512713,0.04734351926532865,25,1.0,1.0,1.0,1.0,1.0,1.0,0.0
1.452296543121338,0.03381032876838968,0.11646223068237305,0.01506287063018568,100,30,,auto,"{'selector__k': 100, 'svm__C': 30, 'svm__class_weight': None, 'svm__gamma': 'auto'}",0.46833622935616076,0.5201757560669714,0.5649940333811301,0.4571973271282206,0.43403059082387346,0.4889467873512713,0.04734351926532865,25,1.0,1.0,1.0,1.0,1.0,1.0,0.0
1.4678295612335206,0.1353312259971397,0.11983666419982911,0.0060903952692420394,100,30,,scale,"{'selector__k': 100, 'svm__C': 30, 'svm__class_weight': None, 'svm__gamma': 'scale'}",0.46833622935616076,0.5201757560669714,0.5649940333811301,0.4571973271282206,0.43403059082387346,0.4889467873512713,0.04734351926532865,25,1.0,1.0,1.0,1.0,1.0,1.0,0.0
1.8271621704101562,0.12392073981608763,0.13215909004211426,0.010343714455929165,150,10,balanced,auto,"{'selector__k': 150, 'svm__C': 10, 'svm__class_weight': 'balanced', 'svm__gamma': 'auto'}",0.40743627523800613,0.5732224008142542,0.5708397247086621,0.4847281008654131,0.39122122264184894,0.4854895448536369,0.07740945224396643,29,1.0,1.0,1.0,1.0,1.0,1.0,0.0
1.805558967590332,0.03405743127277509,0.1324774742126465,0.016319703064003713,150,10,balanced,scale,"{'selector__k': 150, 'svm__C': 10, 'svm__class_weight': 'balanced', 'svm__gamma': 'scale'}",0.40743627523800613,0.5732224008142542,0.5708397247086621,0.4847281008654131,0.39122122264184894,0.4854895448536369,0.07740945224396643,29,1.0,1.0,1.0,1.0,1.0,1.0,0.0
1.7943875789642334,0.0724118975733166,0.13039708137512207,0.009673070922754042,150,10,,auto,"{'selector__k': 150, 'svm__C': 10, 'svm__class_weight': None, 'svm__gamma': 'auto'}",0.40743627523800613,0.5731058686977221,0.5705273440572984,0.4847281008654131,0.3912080560849036,0.4854011289886687,0.07731739808039884,31,1.0,1.0,1.0,1.0,1.0,1.0,0.0
1.8814295768737792,0.11845903277141201,0.1300638198852539,0.013148679317318867,150,10,,scale,"{'selector__k': 150, 'svm__C': 10, 'svm__class_weight': None, 'svm__gamma': 'scale'}",0.40743627523800613,0.5731058686977221,0.5705273440572984,0.4847281008654131,0.3912080560849036,0.4854011289886687,0.07731739808039884,31,1.0,1.0,1.0,1.0,1.0,1.0,0.0
1.821060800552368,0.15687451006236844,0.16084399223327636,0.02387421772104846,150,30,,scale,"{'selector__k': 150, 'svm__C': 30, 'svm__class_weight': None, 'svm__gamma': 'scale'}",0.4038807196824506,0.5731058686977221,0.5628560144865907,0.4847281008654131,0.39122122264184894,0.48315838527480504,0.07639648685365369,33,1.0,1.0,1.0,1.0,1.0,1.0,0.0
1.8975088596343994,0.15304366339088513,0.13354082107543946,0.011534607373069935,150,30,,auto,"{'selector__k': 150, 'svm__C': 30, 'svm__class_weight': None, 'svm__gamma': 'auto'}",0.4038807196824506,0.5731058686977221,0.5628560144865907,0.4847281008654131,0.39122122264184894,0.48315838527480504,0.07639648685365369,33,1.0,1.0,1.0,1.0,1.0,1.0,0.0
1.8833911418914795,0.07365631187185918,0.13899149894714355,0.018162468979861263,150,30,balanced,scale,"{'selector__k': 150, 'svm__C': 30, 'svm__class_weight': 'balanced', 'svm__gamma': 'scale'}",0.4038807196824506,0.5731058686977221,0.5628560144865907,0.4847281008654131,0.39122122264184894,0.48315838527480504,0.07639648685365369,33,1.0,1.0,1.0,1.0,1.0,1.0,0.0
1.860321617126465,0.06775468771933685,0.13447585105895996,0.020211560359812912,150,30,balanced,auto,"{'selector__k': 150, 'svm__C': 30, 'svm__class_weight': 'balanced', 'svm__gamma': 'auto'}",0.4038807196824506,0.5731058686977221,0.5628560144865907,0.4847281008654131,0.39122122264184894,0.48315838527480504,0.07639648685365369,33,1.0,1.0,1.0,1.0,1.0,1.0,0.0
1.5287390232086182,0.1120107346847087,0.13033757209777833,0.011608600761983936,125,1,,auto,"{'selector__k': 125, 'svm__C': 1, 'svm__class_weight': None, 'svm__gamma': 'auto'}",0.4029703340193029,0.5515229025344155,0.5677693287935429,0.450922155579054,0.4392088361704087,0.48247871141934484,0.06516328741884292,37,0.8944721522981417,0.8762983721993746,0.8693214519032785,0.8992334394381974,0.8773337394679904,0.8833318310613965,0.011477850641194923
1.5583374500274658,0.09010589732482095,0.1278447151184082,0.012752723856095384,125,1,,scale,"{'selector__k': 125, 'svm__C': 1, 'svm__class_weight': None, 'svm__gamma': 'scale'}",0.4029703340193029,0.5515229025344155,0.5677693287935429,0.450922155579054,0.4392088361704087,0.48247871141934484,0.06516328741884292,37,0.8944721522981417,0.8762983721993746,0.8693214519032785,0.8992334394381974,0.8773337394679904,0.8833318310613965,0.011477850641194923
1.3841679096221924,0.07542665284532767,0.16387615203857422,0.06024130865638833,100,1,,scale,"{'selector__k': 100, 'svm__C': 1, 'svm__class_weight': None, 'svm__gamma': 'scale'}",0.40960207484614203,0.4942282920611094,0.5859282195225776,0.4595153552982895,0.4523026933126641,0.4803153270081565,0.05927118045533612,39,0.86457177690528,0.8537122207292865,0.8473764359845278,0.8762923547510831,0.8319940020587119,0.8547893580857778,0.01505864853772026
1.4646867752075194,0.08213620743108008,0.11872076988220215,0.009929836668305981,100,1,,auto,"{'selector__k': 100, 'svm__C': 1, 'svm__class_weight': None, 'svm__gamma': 'auto'}",0.40960207484614203,0.4942282920611094,0.5859282195225776,0.4595153552982895,0.4523026933126641,0.4803153270081565,0.05927118045533612,39,0.86457177690528,0.8537122207292865,0.8473764359845278,0.8762923547510831,0.8319940020587119,0.8547893580857778,0.01505864853772026
1.469405746459961,0.1252393083032908,0.11233377456665039,0.011843487534057402,75,3,,scale,"{'selector__k': 75, 'svm__C': 3, 'svm__class_weight': None, 'svm__gamma': 'scale'}",0.434732307325021,0.5218952544669345,0.5136015166299784,0.48850780459476106,0.4425497441626474,0.4802573254358685,0.03579947370061838,41,0.9632049500927816,0.9691062436295589,0.9534382583369799,0.9667092877499575,0.9481921823275518,0.9601301844273659,0.00800757381685843
1.3715172290802002,0.10654215132563807,0.1107625961303711,0.014526739992708024,75,3,,auto,"{'selector__k': 75, 'svm__C': 3, 'svm__class_weight': None, 'svm__gamma': 'auto'}",0.434732307325021,0.5218952544669345,0.5136015166299784,0.48850780459476106,0.4425497441626474,0.4802573254358685,0.03579947370061838,41,0.9632049500927816,0.9691062436295589,0.9534382583369799,0.9667092877499575,0.9481921823275518,0.9601301844273659,0.00800757381685843
1.5810633659362794,0.03607578131397507,0.13477039337158203,0.013907155936840485,150,1,,scale,"{'selector__k': 150, 'svm__C': 1, 'svm__class_weight': None, 'svm__gamma': 'scale'}",0.4019250351325823,0.5319233921760865,0.5652668447097707,0.4596445005307473,0.4366671249778019,0.47908537950539776,0.06058064932627712,43,0.9125265800234876,0.896305354115814,0.8924307474045581,0.9110989752225505,0.8739916768312365,0.8972706667195294,0.014072903214405926
1.5855218887329101,0.045402321492514164,0.13968710899353026,0.01959217297618085,150,1,,auto,"{'selector__k': 150, 'svm__C': 1, 'svm__class_weight': None, 'svm__gamma': 'auto'}",0.4019250351325823,0.5319233921760865,0.5652668447097707,0.4596445005307473,0.4366671249778019,0.47908537950539776,0.06058064932627712,43,0.9125265800234876,0.896305354115814,0.8924307474045581,0.9110989752225505,0.8739916768312365,0.8972706667195294,0.014072903214405926
1.651921796798706,0.08885668496575862,0.13501806259155275,0.011893485253539707,150,1,balanced,scale,"{'selector__k': 150, 'svm__C': 1, 'svm__class_weight': 'balanced', 'svm__gamma': 'scale'}",0.4073753644443672,0.5268179671180422,0.5496317764516979,0.470047047971886,0.4377533396256143,0.4783250991223215,0.05326285596658553,45,0.9065999279725055,0.8858071526015531,0.8906253416122402,0.9144586922074606,0.8775316626587226,0.8950045554104964,0.013579306435916195
1.6285576343536377,0.17614948740150216,0.14274487495422364,0.018500646305355698,150,1,balanced,auto,"{'selector__k': 150, 'svm__C': 1, 'svm__class_weight': 'balanced', 'svm__gamma': 'auto'}",0.4073753644443672,0.5268179671180422,0.5496317764516979,0.470047047971886,0.4377533396256143,0.4783250991223215,0.05326285596658553,45,0.9065999279725055,0.8858071526015531,0.8906253416122402,0.9144586922074606,0.8775316626587226,0.8950045554104964,0.013579306435916195
1.3754259109497071,0.07570179882525206,0.11551804542541504,0.012332619813340846,100,1,balanced,auto,"{'selector__k': 100, 'svm__C': 1, 'svm__class_weight': 'balanced', 'svm__gamma': 'auto'}",0.43300495499073993,0.5004979729707911,0.5661885066281437,0.4760956199900175,0.41512499433375877,0.4781824097826902,0.05341283029121395,47,0.8724237498725398,0.8392700472911353,0.8455244458697843,0.8734212431430433,0.8415646785300361,0.8544408329413077,0.015225579272115437
1.434360408782959,0.03737152747364411,0.11797266006469727,0.009408796578318113,100,1,balanced,scale,"{'selector__k': 100, 'svm__C': 1, 'svm__class_weight': 'balanced', 'svm__gamma': 'scale'}",0.43300495499073993,0.5004979729707911,0.5661885066281437,0.4760956199900175,0.41512499433375877,0.4781824097826902,0.05341283029121395,47,0.8724237498725398,0.8392700472911353,0.8455244458697843,0.8734212431430433,0.8415646785300361,0.8544408329413077,0.015225579272115437
1.9118403911590576,0.125616749057053,0.16300182342529296,0.03118681511655883,200,1,,auto,"{'selector__k': 200, 'svm__C': 1, 'svm__class_weight': None, 'svm__gamma': 'auto'}",0.4123853090050273,0.515564458816619,0.5345399170940517,0.48680091286925253,0.43490278400657423,0.47683867635830496,0.04656440957698451,49,0.928147760925751,0.9172218477996027,0.9052652921267709,0.9185716143039391,0.9036481905085871,0.9145709411329301,0.009091361969372807
1.983634614944458,0.20942093301358009,0.17546329498291016,0.05933033674681489,200,1,,scale,"{'selector__k': 200, 'svm__C': 1, 'svm__class_weight': None, 'svm__gamma': 'scale'}",0.4123853090050273,0.515564458816619,0.5345399170940517,0.48680091286925253,0.43490278400657423,0.47683867635830496,0.04656440957698451,49,0.928147760925751,0.9172218477996027,0.9052652921267709,0.9185716143039391,0.9036481905085871,0.9145709411329301,0.009091361969372807
1.8280538082122804,0.0901755269782023,0.15908536911010743,0.020602300719319212,200,1,balanced,auto,"{'selector__k': 200, 'svm__C': 1, 'svm__class_weight': 'balanced', 'svm__gamma': 'auto'}",0.4145296344967446,0.5088717107264453,0.5580575826154573,0.484537866391979,0.39970932112970825,0.4731412230720669,0.0590675915934929,51,0.9269891104311753,0.9182951245389169,0.903137777282609,0.926397354714264,0.9069108768232185,0.9163460487580368,0.009814105302183313
2.0158681869506836,0.17183874414644074,0.17952275276184082,0.05342698361608921,200,1,balanced,scale,"{'selector__k': 200, 'svm__C': 1, 'svm__class_weight': 'balanced', 'svm__gamma': 'scale'}",0.4145296344967446,0.5088717107264453,0.5580575826154573,0.484537866391979,0.39970932112970825,0.4731412230720669,0.0590675915934929,51,0.9269891104311753,0.9182951245389169,0.903137777282609,0.926397354714264,0.9069108768232185,0.9163460487580368,0.009814105302183313
1.5463945865631104,0.07256145991294503,0.11947240829467773,0.02263806263354622,75,1,,scale,"{'selector__k': 75, 'svm__C': 1, 'svm__class_weight': None, 'svm__gamma': 'scale'}",0.4054413799230167,0.48156533098170784,0.5334514983989517,0.47644161163169324,0.46826498714107073,0.473032961615288,0.04080729176328184,53,0.8404459315070639,0.8221281488906993,0.81969652242658,0.8457082760096128,0.8241711806441214,0.8304300118956155,0.010555052763193825
1.6388748645782472,0.34757391999971204,0.11159992218017578,0.012315766121249997,75,1,,auto,"{'selector__k': 75, 'svm__C': 1, 'svm__class_weight': None, 'svm__gamma': 'auto'}",0.4054413799230167,0.48156533098170784,0.5334514983989517,0.47644161163169324,0.46826498714107073,0.473032961615288,0.04080729176328184,53,0.8404459315070639,0.8221281488906993,0.81969652242658,0.8457082760096128,0.8241711806441214,0.8304300118956155,0.010555052763193825
2.10798602104187,0.07519030166948938,0.14357938766479492,0.007418214070151001,200,10,balanced,auto,"{'selector__k': 200, 'svm__C': 10, 'svm__class_weight': 'balanced', 'svm__gamma': 'auto'}",0.38513842779911595,0.5623285557735646,0.5478249655993496,0.4947723349611954,0.37156373012831884,0.4723256028523089,0.0800738403983783,55,1.0,1.0,1.0,1.0,1.0,1.0,0.0
2.2871840476989744,0.40962285805101323,0.17443909645080566,0.03980927777870257,200,10,balanced,scale,"{'selector__k': 200, 'svm__C': 10, 'svm__class_weight': 'balanced', 'svm__gamma': 'scale'}",0.38513842779911595,0.5623285557735646,0.5478249655993496,0.4947723349611954,0.37156373012831884,0.4723256028523089,0.0800738403983783,55,1.0,1.0,1.0,1.0,1.0,1.0,0.0
2.0907715797424316,0.09236631317246964,0.1516580581665039,0.019359612270514606,200,10,,auto,"{'selector__k': 200, 'svm__C': 10, 'svm__class_weight': None, 'svm__gamma': 'auto'}",0.38549779036100895,0.5623285557735646,0.5438053119454408,0.4947723349611954,0.37156373012831884,0.47159354463390574,0.07925033829536236,57,1.0,1.0,1.0,1.0,1.0,1.0,0.0
2.2202069759368896,0.17847605799999186,0.1817702293395996,0.061643740894640475,200,10,,scale,"{'selector__k': 200, 'svm__C': 10, 'svm__class_weight': None, 'svm__gamma': 'scale'}",0.38549779036100895,0.5623285557735646,0.5438053119454408,0.4947723349611954,0.37156373012831884,0.47159354463390574,0.07925033829536236,57,1.0,1.0,1.0,1.0,1.0,1.0,0.0
2.181813955307007,0.25304317150718536,0.17425799369812012,0.06287857978279257,200,30,,auto,"{'selector__k': 200, 'svm__C': 30, 'svm__class_weight': None, 'svm__gamma': 'auto'}",0.38549779036100895,0.5623285557735646,0.5438053119454408,0.4947723349611954,0.37156373012831884,0.47159354463390574,0.07925033829536236,57,1.0,1.0,1.0,1.0,1.0,1.0,0.0
2.103878688812256,0.12313586666745484,0.1509418487548828,0.010976573172810658,200,30,,scale,"{'selector__k': 200, 'svm__C': 30, 'svm__class_weight': None, 'svm__gamma': 'scale'}",0.38549779036100895,0.5623285557735646,0.5438053119454408,0.4947723349611954,0.37156373012831884,0.47159354463390574,0.07925033829536236,57,1.0,1.0,1.0,1.0,1.0,1.0,0.0
2.229518985748291,0.29362177635332437,0.18460283279418946,0.05478322973848569,200,30,balanced,auto,"{'selector__k': 200, 'svm__C': 30, 'svm__class_weight': 'balanced', 'svm__gamma': 'auto'}",0.38549779036100895,0.5623285557735646,0.5438053119454408,0.4947723349611954,0.37156373012831884,0.47159354463390574,0.07925033829536236,57,1.0,1.0,1.0,1.0,1.0,1.0,0.0
2.141183614730835,0.1269896939685557,0.14473361968994142,0.007762430581672014,200,30,balanced,scale,"{'selector__k': 200, 'svm__C': 30, 'svm__class_weight': 'balanced', 'svm__gamma': 'scale'}",0.38549779036100895,0.5623285557735646,0.5438053119454408,0.4947723349611954,0.37156373012831884,0.47159354463390574,0.07925033829536236,57,1.0,1.0,1.0,1.0,1.0,1.0,0.0
1.5182989120483399,0.059379833271284634,0.12940402030944825,0.01815763463103285,125,1,balanced,auto,"{'selector__k': 125, 'svm__C': 1, 'svm__class_weight': 'balanced', 'svm__gamma': 'auto'}",0.40891653367846703,0.5471200686545405,0.5563355630872101,0.45906911422993296,0.37646187367523365,0.4695806306650768,0.07211173314737536,63,0.8866074877309368,0.8746672375282496,0.8716236307729228,0.9067077866220027,0.8673593347126898,0.8813930954733603,0.014182027508686234
1.5146811485290528,0.05420764114757366,0.12250800132751465,0.0072844732307240315,125,1,balanced,scale,"{'selector__k': 125, 'svm__C': 1, 'svm__class_weight': 'balanced', 'svm__gamma': 'scale'}",0.40891653367846703,0.5471200686545405,0.5563355630872101,0.45906911422993296,0.37646187367523365,0.4695806306650768,0.07211173314737536,63,0.8866074877309368,0.8746672375282496,0.8716236307729228,0.9067077866220027,0.8673593347126898,0.8813930954733603,0.014182027508686234
1.4207224369049072,0.045742981692442564,0.12457046508789063,0.021703820463745988,75,3,balanced,auto,"{'selector__k': 75, 'svm__C': 3, 'svm__class_weight': 'balanced', 'svm__gamma': 'auto'}",0.43672956948630526,0.5035353091234264,0.5100376623444183,0.47486068322582964,0.4222484440042283,0.46948233363684155,0.03503441268152631,65,0.9646527405212838,0.9635081751710631,0.9502532332722977,0.971183501387644,0.9482466168107625,0.9595688534326102,0.008845767710053548
1.4138296127319336,0.1251248771107521,0.10465364456176758,0.008808205647077457,75,3,balanced,scale,"{'selector__k': 75, 'svm__C': 3, 'svm__class_weight': 'balanced', 'svm__gamma': 'scale'}",0.43672956948630526,0.5035353091234264,0.5100376623444183,0.47486068322582964,0.4222484440042283,0.46948233363684155,0.03503441268152631,65,0.9646527405212838,0.9635081751710631,0.9502532332722977,0.971183501387644,0.9482466168107625,0.9595688534326102,0.008845767710053548
1.3407977104187012,0.0495483065551633,0.12688379287719725,0.03236427050243212,75,1,balanced,scale,"{'selector__k': 75, 'svm__C': 1, 'svm__class_weight': 'balanced', 'svm__gamma': 'scale'}",0.4181510303049533,0.4956288720431834,0.5281563310555283,0.48045817073452673,0.4237180408689843,0.46922248900143526,0.042369054843923566,67,0.8310281977317017,0.8038818942733597,0.8181487438277598,0.8451871238128977,0.8223598445320189,0.8241211608355477,0.013710447591958535
1.34418683052063,0.17206102083901934,0.11833758354187011,0.016291795794075484,75,1,balanced,auto,"{'selector__k': 75, 'svm__C': 1, 'svm__class_weight': 'balanced', 'svm__gamma': 'auto'}",0.4181510303049533,0.4956288720431834,0.5281563310555283,0.48045817073452673,0.4237180408689843,0.46922248900143526,0.042369054843923566,67,0.8310281977317017,0.8038818942733597,0.8181487438277598,0.8451871238128977,0.8223598445320189,0.8241211608355477,0.013710447591958535
2.5311692237854,0.07852967698247153,0.18799238204956054,0.03599916105415087,250,3,,scale,"{'selector__k': 250, 'svm__C': 3, 'svm__class_weight': None, 'svm__gamma': 'scale'}",0.38345764478264743,0.5203092285950313,0.5455446917516561,0.5104749656064692,0.3818420352577155,0.4683257131987039,0.07088530395946406,69,0.9988888695984306,0.9988888695984306,0.9966642261765079,0.9955622978018522,0.9979166507718522,0.9975841827894147,0.0012999453350928058
2.5203464031219482,0.1252181082895146,0.1683350086212158,0.016572345899559447,250,3,,auto,"{'selector__k': 250, 'svm__C': 3, 'svm__class_weight': None, 'svm__gamma': 'auto'}",0.38345764478264743,0.5203092285950313,0.5455446917516561,0.5104749656064692,0.3818420352577155,0.4683257131987039,0.07088530395946406,69,0.9988888695984306,0.9988888695984306,0.9966642261765079,0.9955622978018522,0.9979166507718522,0.9975841827894147,0.0012999453350928058
2.263584518432617,0.23719986540492902,0.18575854301452638,0.05167367976011375,200,3,balanced,scale,"{'selector__k': 200, 'svm__C': 3, 'svm__class_weight': 'balanced', 'svm__gamma': 'scale'}",0.38679813502776045,0.546854402880101,0.5545415365491333,0.4922749986272594,0.35722385141739976,0.4675385849003308,0.08143802970419758,71,0.9966687792029567,0.9955482133233668,0.9944533030220731,0.9966642652437387,0.9927160138154699,0.9952101149215211,0.001493309730312111
2.149337959289551,0.15293252099257626,0.1641399383544922,0.028640748227553962,200,3,balanced,auto,"{'selector__k': 200, 'svm__C': 3, 'svm__class_weight': 'balanced', 'svm__gamma': 'auto'}",0.38679813502776045,0.546854402880101,0.5545415365491333,0.4922749986272594,0.35722385141739976,0.4675385849003308,0.08143802970419758,71,0.9966687792029567,0.9955482133233668,0.9944533030220731,0.9966642652437387,0.9927160138154699,0.9952101149215211,0.001493309730312111
2.550988864898682,0.1871341240701328,0.16599740982055664,0.010063260103706615,250,30,balanced,scale,"{'selector__k': 250, 'svm__C': 30, 'svm__class_weight': 'balanced', 'svm__gamma': 'scale'}",0.38236214396999463,0.523892531247498,0.5418204787600277,0.5236993667394159,0.36446631321401085,0.4672481667861894,0.07710525015560546,73,1.0,1.0,1.0,1.0,1.0,1.0,0.0
2.524608612060547,0.12714926760267958,0.17001595497131347,0.011837086292141587,250,30,balanced,auto,"{'selector__k': 250, 'svm__C': 30, 'svm__class_weight': 'balanced', 'svm__gamma': 'auto'}",0.38236214396999463,0.523892531247498,0.5418204787600277,0.5236993667394159,0.36446631321401085,0.4672481667861894,0.07710525015560546,73,1.0,1.0,1.0,1.0,1.0,1.0,0.0
2.727060604095459,0.07387465125937855,0.17559218406677246,0.02320942643413507,250,30,,auto,"{'selector__k': 250, 'svm__C': 30, 'svm__class_weight': None, 'svm__gamma': 'auto'}",0.38236214396999463,0.523892531247498,0.5418204787600277,0.5236993667394159,0.36446631321401085,0.4672481667861894,0.07710525015560546,73,1.0,1.0,1.0,1.0,1.0,1.0,0.0
2.4593366146087647,0.12059717701702939,0.16057987213134767,0.013030162228649599,250,30,,scale,"{'selector__k': 250, 'svm__C': 30, 'svm__class_weight': None, 'svm__gamma': 'scale'}",0.38236214396999463,0.523892531247498,0.5418204787600277,0.5236993667394159,0.36446631321401085,0.4672481667861894,0.07710525015560546,73,1.0,1.0,1.0,1.0,1.0,1.0,0.0
2.4586004257202148,0.15127595895996973,0.17099313735961913,0.008261527930886407,250,10,balanced,auto,"{'selector__k': 250, 'svm__C': 10, 'svm__class_weight': 'balanced', 'svm__gamma': 'auto'}",0.38236214396999463,0.523892531247498,0.5418204787600277,0.5236993667394159,0.36446631321401085,0.4672481667861894,0.07710525015560546,73,1.0,1.0,1.0,1.0,1.0,1.0,0.0
2.509857988357544,0.16990539583795986,0.16662702560424805,0.012973228609556095,250,10,balanced,scale,"{'selector__k': 250, 'svm__C': 10, 'svm__class_weight': 'balanced', 'svm__gamma': 'scale'}",0.38236214396999463,0.523892531247498,0.5418204787600277,0.5236993667394159,0.36446631321401085,0.4672481667861894,0.07710525015560546,73,1.0,1.0,1.0,1.0,1.0,1.0,0.0
2.494835901260376,0.142164407599867,0.17535061836242677,0.024260443292802688,250,10,,auto,"{'selector__k': 250, 'svm__C': 10, 'svm__class_weight': None, 'svm__gamma': 'auto'}",0.38236214396999463,0.523892531247498,0.5418204787600277,0.5236993667394159,0.36446631321401085,0.4672481667861894,0.07710525015560546,73,1.0,1.0,1.0,1.0,1.0,1.0,0.0
2.4962905406951905,0.15789945258400037,0.16777396202087402,0.012788062643981047,250,10,,scale,"{'selector__k': 250, 'svm__C': 10, 'svm__class_weight': None, 'svm__gamma': 'scale'}",0.38236214396999463,0.523892531247498,0.5418204787600277,0.5236993667394159,0.36446631321401085,0.4672481667861894,0.07710525015560546,73,1.0,1.0,1.0,1.0,1.0,1.0,0.0
2.463748264312744,0.10487261380776616,0.16300582885742188,0.009247139908534383,250,3,balanced,scale,"{'selector__k': 250, 'svm__C': 3, 'svm__class_weight': 'balanced', 'svm__gamma': 'scale'}",0.3825633367020403,0.5158048454239814,0.5529123123489997,0.5101417921679606,0.37325155485689027,0.4669347682999745,0.07421907083929918,81,0.9977800253553147,0.9977800253553147,0.9966642261765079,0.9955597651327195,0.9968790372828769,0.9969326158605467,0.0008241151025221347
2.462518262863159,0.11049113532296921,0.16833834648132323,0.01225189672656223,250,3,balanced,auto,"{'selector__k': 250, 'svm__C': 3, 'svm__class_weight': 'balanced', 'svm__gamma': 'auto'}",0.3825633367020403,0.5158048454239814,0.5529123123489997,0.5101417921679606,0.37325155485689027,0.4669347682999745,0.07421907083929918,81,0.9977800253553147,0.9977800253553147,0.9966642261765079,0.9955597651327195,0.9968790372828769,0.9969326158605467,0.0008241151025221347
2.040097379684448,0.10295543803562043,0.14552273750305175,0.006862516811267151,200,3,,auto,"{'selector__k': 200, 'svm__C': 3, 'svm__class_weight': None, 'svm__gamma': 'auto'}",0.385296633526259,0.5547240617019903,0.5413558279222482,0.49041596930543524,0.35259750493793046,0.46487799947877273,0.08186997533225412,83,0.9966687792029567,0.9944439042392598,0.9944442708222809,0.9944326287875033,0.9937515828017774,0.9947482331707557,0.0009966367798101214
2.201642894744873,0.2644956440530719,0.18378877639770508,0.05503812490709985,200,3,,scale,"{'selector__k': 200, 'svm__C': 3, 'svm__class_weight': None, 'svm__gamma': 'scale'}",0.385296633526259,0.5547240617019903,0.5413558279222482,0.49041596930543524,0.35259750493793046,0.46487799947877273,0.08186997533225412,83,0.9966687792029567,0.9944439042392598,0.9944442708222809,0.9944326287875033,0.9937515828017774,0.9947482331707557,0.0009966367798101214
1.5832266807556152,0.16209491620465727,0.10694255828857421,0.007182540107930439,75,10,,auto,"{'selector__k': 75, 'svm__C': 10, 'svm__class_weight': None, 'svm__gamma': 'auto'}",0.4553835301934883,0.493533966033966,0.5130956742779462,0.4406808912471206,0.4014845231156037,0.46083571697362496,0.03939234997352977,85,0.9988888695984306,1.0,0.9988888695984306,1.0,0.99583528063293,0.9987226039659582,0.0015267878573071785
1.5758031845092773,0.20144386935511902,0.1070176124572754,0.011023088654493859,75,10,,scale,"{'selector__k': 75, 'svm__C': 10, 'svm__class_weight': None, 'svm__gamma': 'scale'}",0.4553835301934883,0.493533966033966,0.5130956742779462,0.4406808912471206,0.4014845231156037,0.46083571697362496,0.03939234997352977,85,0.9988888695984306,1.0,0.9988888695984306,1.0,0.99583528063293,0.9987226039659582,0.0015267878573071785
1.4729459285736084,0.13003853928558076,0.11571412086486817,0.012964798351228901,75,10,balanced,auto,"{'selector__k': 75, 'svm__C': 10, 'svm__class_weight': 'balanced', 'svm__gamma': 'auto'}",0.4559287220784201,0.4931823731823731,0.5125752475280113,0.4406808912471206,0.4014845231156037,0.46077035143030576,0.0391819438975243,87,0.9977730511291654,0.9988888695984306,0.9988888695984306,1.0,0.9947934073220328,0.9980688395296118,0.0017827072846773437
1.5281022548675538,0.09207958095049186,0.11835989952087403,0.020559583604932756,75,10,balanced,scale,"{'selector__k': 75, 'svm__C': 10, 'svm__class_weight': 'balanced', 'svm__gamma': 'scale'}",0.4559287220784201,0.4931823731823731,0.5125752475280113,0.4406808912471206,0.4014845231156037,0.46077035143030576,0.0391819438975243,87,0.9977730511291654,0.9988888695984306,0.9988888695984306,1.0,0.9947934073220328,0.9980688395296118,0.0017827072846773437
1.5207545280456543,0.10813848046309421,0.12211489677429199,0.020454823769232237,75,30,balanced,auto,"{'selector__k': 75, 'svm__C': 30, 'svm__class_weight': 'balanced', 'svm__gamma': 'auto'}",0.4487148230413183,0.5023751218160458,0.5070054939219282,0.4397947246279614,0.4019779110985111,0.459973614901153,0.039767662992041396,89,1.0,1.0,1.0,1.0,1.0,1.0,0.0
1.5795203685760497,0.06881662009292533,0.12252159118652343,0.020803838073594642,75,30,balanced,scale,"{'selector__k': 75, 'svm__C': 30, 'svm__class_weight': 'balanced', 'svm__gamma': 'scale'}",0.4487148230413183,0.5023751218160458,0.5070054939219282,0.4397947246279614,0.4019779110985111,0.459973614901153,0.039767662992041396,89,1.0,1.0,1.0,1.0,1.0,1.0,0.0
1.61246018409729,0.08138321938306546,0.12200403213500977,0.018817115065506363,75,30,,auto,"{'selector__k': 75, 'svm__C': 30, 'svm__class_weight': None, 'svm__gamma': 'auto'}",0.4487148230413183,0.5023751218160458,0.5070054939219282,0.4397947246279614,0.4019779110985111,0.459973614901153,0.039767662992041396,89,1.0,1.0,1.0,1.0,1.0,1.0,0.0
1.500120258331299,0.06943911016302401,0.115093994140625,0.009907590791730658,75,30,,scale,"{'selector__k': 75, 'svm__C': 30, 'svm__class_weight': None, 'svm__gamma': 'scale'}",0.4487148230413183,0.5023751218160458,0.5070054939219282,0.4397947246279614,0.4019779110985111,0.459973614901153,0.039767662992041396,89,1.0,1.0,1.0,1.0,1.0,1.0,0.0
3.2172811031341553,0.4302244158543595,0.21436676979064942,0.03430794292560432,all,3,balanced,auto,"{'selector__k': 'all', 'svm__C': 3, 'svm__class_weight': 'balanced', 'svm__gamma': 'auto'}",0.42923711584874635,0.4765626862504887,0.5341681210200988,0.503219084958277,0.34658484598296063,0.4579543708121143,0.065469918686761,93,0.9977777391968611,0.9966619400180543,0.9966755252442954,0.9966688949537452,0.9958373547213957,0.9967242908268702,0.0006173724210869644
2.8970187664031983,0.14635102697884,0.20363473892211914,0.01744035612938071,all,3,balanced,scale,"{'selector__k': 'all', 'svm__C': 3, 'svm__class_weight': 'balanced', 'svm__gamma': 'scale'}",0.42923711584874635,0.4765626862504887,0.5341681210200988,0.503219084958277,0.34658484598296063,0.4579543708121143,0.065469918686761,93,0.9977777391968611,0.9966619400180543,0.9966755252442954,0.9966688949537452,0.9958373547213957,0.9967242908268702,0.0006173724210869644
2.273182010650635,0.0867528295487916,0.17035431861877443,0.014644144512597646,250,1,balanced,auto,"{'selector__k': 250, 'svm__C': 1, 'svm__class_weight': 'balanced', 'svm__gamma': 'auto'}",0.4001379018322061,0.4767046331578891,0.518988454207509,0.4865383147119964,0.40141190708932645,0.4567562421997854,0.047804581895697085,95,0.937636030514294,0.9298383934874692,0.9231588172423092,0.9397031365222376,0.9279067199589393,0.9316486195450497,0.006165708521850993
2.2268162250518797,0.11080910930768927,0.17447004318237305,0.014221316949257988,250,1,balanced,scale,"{'selector__k': 250, 'svm__C': 1, 'svm__class_weight': 'balanced', 'svm__gamma': 'scale'}",0.4001379018322061,0.4767046331578891,0.518988454207509,0.4865383147119964,0.40141190708932645,0.4567562421997854,0.047804581895697085,95,0.937636030514294,0.9298383934874692,0.9231588172423092,0.9397031365222376,0.9279067199589393,0.9316486195450497,0.006165708521850993
2.921455478668213,0.116233857974029,0.20949416160583495,0.026586892663024792,all,3,,scale,"{'selector__k': 'all', 'svm__C': 3, 'svm__class_weight': None, 'svm__gamma': 'scale'}",0.4290714379052906,0.4724965784959389,0.534338459155313,0.4918149872902708,0.34828915758062745,0.45520212408548816,0.06326982630102332,97,0.9977777391968611,0.9988888695984305,0.9988911557568841,0.9966666280857499,0.9979166666666667,0.9980282118609184,0.000826376811306642
2.8549827098846436,0.13482309047871166,0.20268669128417968,0.016352916725727862,all,3,,auto,"{'selector__k': 'all', 'svm__C': 3, 'svm__class_weight': None, 'svm__gamma': 'auto'}",0.4290714379052906,0.4724965784959389,0.534338459155313,0.4918149872902708,0.34828915758062745,0.45520212408548816,0.06326982630102332,97,0.9977777391968611,0.9988888695984305,0.9988911557568841,0.9966666280857499,0.9979166666666667,0.9980282118609184,0.000826376811306642
2.864566373825073,0.15075968243687302,0.20894098281860352,0.025548668582246224,all,30,,scale,"{'selector__k': 'all', 'svm__C': 30, 'svm__class_weight': None, 'svm__gamma': 'scale'}",0.4198521665389346,0.4932675273419008,0.5283186469411346,0.504407944487118,0.3281279871372751,0.45479485448927265,0.0729559319562534,99,1.0,1.0,1.0,1.0,1.0,1.0,0.0
2.8162844657897947,0.15792204144285057,0.21134824752807618,0.021513772582665062,all,30,,auto,"{'selector__k': 'all', 'svm__C': 30, 'svm__class_weight': None, 'svm__gamma': 'auto'}",0.4198521665389346,0.4932675273419008,0.5283186469411346,0.504407944487118,0.3281279871372751,0.45479485448927265,0.0729559319562534,99,1.0,1.0,1.0,1.0,1.0,1.0,0.0
2.874121379852295,0.20770319932825307,0.20285449028015137,0.006290467137775658,all,10,balanced,auto,"{'selector__k': 'all', 'svm__C': 10, 'svm__class_weight': 'balanced', 'svm__gamma': 'auto'}",0.4198521665389346,0.4932675273419008,0.5283186469411346,0.504407944487118,0.3281279871372751,0.45479485448927265,0.0729559319562534,99,1.0,1.0,1.0,1.0,1.0,1.0,0.0
3.303895282745361,0.06663321784188551,0.20244369506835938,0.028206700913815903,all,10,balanced,scale,"{'selector__k': 'all', 'svm__C': 10, 'svm__class_weight': 'balanced', 'svm__gamma': 'scale'}",0.4198521665389346,0.4932675273419008,0.5283186469411346,0.504407944487118,0.3281279871372751,0.45479485448927265,0.0729559319562534,99,1.0,1.0,1.0,1.0,1.0,1.0,0.0
3.3216504096984862,0.3652552087079751,0.18970441818237305,0.014543475932649028,all,10,,auto,"{'selector__k': 'all', 'svm__C': 10, 'svm__class_weight': None, 'svm__gamma': 'auto'}",0.4198521665389346,0.4932675273419008,0.5283186469411346,0.504407944487118,0.3281279871372751,0.45479485448927265,0.0729559319562534,99,1.0,1.0,1.0,1.0,1.0,1.0,0.0
3.086729049682617,0.11574016248158808,0.2007051944732666,0.014896657289466448,all,10,,scale,"{'selector__k': 'all', 'svm__C': 10, 'svm__class_weight': None, 'svm__gamma': 'scale'}",0.4198521665389346,0.4932675273419008,0.5283186469411346,0.504407944487118,0.3281279871372751,0.45479485448927265,0.0729559319562534,99,1.0,1.0,1.0,1.0,1.0,1.0,0.0
2.8912308692932127,0.15167469395422004,0.19362525939941405,0.021855308818599175,all,30,balanced,scale,"{'selector__k': 'all', 'svm__C': 30, 'svm__class_weight': 'balanced', 'svm__gamma': 'scale'}",0.4198521665389346,0.4932675273419008,0.5283186469411346,0.504407944487118,0.3281279871372751,0.45479485448927265,0.0729559319562534,99,1.0,1.0,1.0,1.0,1.0,1.0,0.0
2.679753637313843,0.09396334448471612,0.18354663848876954,0.03911202641652646,all,30,balanced,auto,"{'selector__k': 'all', 'svm__C': 30, 'svm__class_weight': 'balanced', 'svm__gamma': 'auto'}",0.4198521665389346,0.4932675273419008,0.5283186469411346,0.504407944487118,0.3281279871372751,0.45479485448927265,0.0729559319562534,99,1.0,1.0,1.0,1.0,1.0,1.0,0.0
2.8018744468688963,0.14951008576747082,0.20094313621520996,0.017968626157206947,all,1,balanced,auto,"{'selector__k': 'all', 'svm__C': 1, 'svm__class_weight': 'balanced', 'svm__gamma': 'auto'}",0.4033520969615595,0.4648795140761493,0.5510515631928832,0.4852223364330417,0.36860921301822097,0.4546229447363709,0.06382328778727925,107,0.9361216894634415,0.9260708738044975,0.9307975167759035,0.934987116529755,0.9288629182492083,0.9313680229645612,0.0037511598096148344
2.7043758392333985,0.19697525449113631,0.21856837272644042,0.03005321397822794,all,1,balanced,scale,"{'selector__k': 'all', 'svm__C': 1, 'svm__class_weight': 'balanced', 'svm__gamma': 'scale'}",0.4033520969615595,0.4648795140761493,0.5510515631928832,0.4852223364330417,0.36860921301822097,0.4546229447363709,0.06382328778727925,107,0.9361216894634415,0.9260708738044975,0.9307975167759035,0.934987116529755,0.9288629182492083,0.9313680229645612,0.0037511598096148344
2.6474862575531004,0.17570485634171767,0.21081137657165527,0.029156657178508964,all,1,,auto,"{'selector__k': 'all', 'svm__C': 1, 'svm__class_weight': None, 'svm__gamma': 'auto'}",0.39479350164195026,0.46718518670573467,0.5186114450787797,0.4850152195361949,0.3482461923741815,0.4427703090673682,0.062240146705289545,109,0.938624745334003,0.9343617377187713,0.9238183332634311,0.9333599869830528,0.930136757189551,0.932060312097762,0.0049337161855951914
2.66338996887207,0.043468623009215786,0.20051107406616211,0.023748165106803092,all,1,,scale,"{'selector__k': 'all', 'svm__C': 1, 'svm__class_weight': None, 'svm__gamma': 'scale'}",0.39479350164195026,0.46718518670573467,0.5186114450787797,0.4850152195361949,0.3482461923741815,0.4427703090673682,0.062240146705289545,109,0.938624745334003,0.9343617377187713,0.9238183332634311,0.9333599869830528,0.930136757189551,0.932060312097762,0.0049337161855951914
2.2486966133117674,0.08566797543513871,0.1728449821472168,0.016886360701172137,250,1,,scale,"{'selector__k': 250, 'svm__C': 1, 'svm__class_weight': None, 'svm__gamma': 'scale'}",0.38671794856138286,0.4713771975427379,0.49864549203940584,0.4803237223198916,0.3723992065573497,0.44189271340415354,0.05184738624722318,111,0.9364649923867862,0.9348430183111509,0.9253331077668582,0.9334589545253493,0.924810934804628,0.9309822015589546,0.004921341291503736
2.2888943195343017,0.11724076073587167,0.17227883338928224,0.015920420439139042,250,1,,auto,"{'selector__k': 250, 'svm__C': 1, 'svm__class_weight': None, 'svm__gamma': 'auto'}",0.38671794856138286,0.4713771975427379,0.49864549203940584,0.4803237223198916,0.3723992065573497,0.44189271340415354,0.05184738624722318,111,0.9364649923867862,0.9348430183111509,0.9253331077668582,0.9334589545253493,0.924810934804628,0.9309822015589546,0.004921341291503736
