mean_fit_time,std_fit_time,mean_score_time,std_score_time,param_selector__k,param_svm__C,param_svm__class_weight,param_svm__gamma,params,split0_test_score,split1_test_score,split2_test_score,split3_test_score,split4_test_score,mean_test_score,std_test_score,rank_test_score
0.7505171775817872,0.21925588890896416,0.25650792121887206,0.04927969287863741,150,3,,scale,"{'selector__k': 150, 'svm__C': 3, 'svm__class_weight': None, 'svm__gamma': 'scale'}",0.6043810221461505,0.45066991048977484,0.43059640726701737,0.5409745307560437,0.46183323140282834,0.497691020412363,0.06519918966023291,1
0.6877001285552978,0.21650497507003164,0.20289716720581055,0.047470291972374644,150,10,balanced,scale,"{'selector__k': 150, 'svm__C': 10, 'svm__class_weight': 'balanced', 'svm__gamma': 'scale'}",0.5636807705345263,0.45704879443174173,0.4566870924080227,0.5278080304593896,0.4667447262975063,0.49439388282623736,0.04358465692864235,2
0.6923702239990235,0.19066767180824615,0.18603754043579102,0.020015097792544283,150,10,,scale,"{'selector__k': 150, 'svm__C': 10, 'svm__class_weight': None, 'svm__gamma': 'scale'}",0.5636807705345263,0.45704879443174173,0.4566870924080227,0.5278080304593896,0.4667447262975063,0.49439388282623736,0.04358465692864235,2
0.7440662860870362,0.10161819068219034,0.28678264617919924,0.04797003001356818,150,3,balanced,scale,"{'selector__k': 150, 'svm__C': 3, 'svm__class_weight': 'balanced', 'svm__gamma': 'scale'}",0.5949013251977888,0.44100834849076426,0.4318239835765609,0.5412285853396104,0.45668818497846153,0.4931300855166372,0.06399058779535399,4
0.8590644359588623,0.39209053456103105,0.253433895111084,0.09338747075901917,150,30,balanced,scale,"{'selector__k': 150, 'svm__C': 30, 'svm__class_weight': 'balanced', 'svm__gamma': 'scale'}",0.5636807705345263,0.45139866175160287,0.45392721379739637,0.5278080304593896,0.4667447262975063,0.4927118805680843,0.04506361860007625,5
0.6658051967620849,0.14997401601505622,0.17229018211364747,0.015431737302825821,150,30,,scale,"{'selector__k': 150, 'svm__C': 30, 'svm__class_weight': None, 'svm__gamma': 'scale'}",0.5636807705345263,0.45139866175160287,0.45392721379739637,0.5278080304593896,0.4667447262975063,0.4927118805680843,0.04506361860007625,5
0.6628242015838623,0.12336004126031248,0.2021923542022705,0.020079547133822106,125,1,,scale,"{'selector__k': 125, 'svm__C': 1, 'svm__class_weight': None, 'svm__gamma': 'scale'}",0.5254009845942402,0.44235449437025004,0.43165449852552223,0.5900579729576358,0.4653529558002695,0.4909641812495836,0.05923166040561191,7
0.7518779277801514,0.19296638475114977,0.24048829078674316,0.04987526115297452,125,1,,0.01,"{'selector__k': 125, 'svm__C': 1, 'svm__class_weight': None, 'svm__gamma': 0.01}",0.5261529027687294,0.43839249895119875,0.4473812112775421,0.589758832498016,0.4378210657628715,0.4879013022516716,0.0607275404961741,8
0.8373693466186524,0.1882952301024482,0.25456905364990234,0.10191862851092999,125,3,,scale,"{'selector__k': 125, 'svm__C': 3, 'svm__class_weight': None, 'svm__gamma': 'scale'}",0.5456202163843888,0.45007569026197947,0.43758824717471334,0.5330643648058045,0.4720309742840051,0.4876758985821783,0.043783487703083865,9
0.5762614250183106,0.07525093143922412,0.21630711555480958,0.026065128493853913,150,1,,scale,"{'selector__k': 150, 'svm__C': 1, 'svm__class_weight': None, 'svm__gamma': 'scale'}",0.5232463513602675,0.4434686935143145,0.4412028558927426,0.5754957673202643,0.45479993388440554,0.4876427203943988,0.05323989234321889,10
0.766029167175293,0.10653151705592459,0.21972894668579102,0.05653011134001647,125,3,,0.01,"{'selector__k': 125, 'svm__C': 3, 'svm__class_weight': None, 'svm__gamma': 0.01}",0.5463263895706181,0.4461942224414459,0.42986861302697527,0.5361806035069281,0.47881701233764445,0.4874773681767223,0.04676169587517466,11
0.8548588275909423,0.2171223691120685,0.1610262870788574,0.026491040591638426,100,3,,scale,"{'selector__k': 100, 'svm__C': 3, 'svm__class_weight': None, 'svm__gamma': 'scale'}",0.5336681996353316,0.4299509319874291,0.4338895404399806,0.5491047737266145,0.48602549531875644,0.48652778822162246,0.04921397279670097,12
0.5717210292816162,0.12064791716213123,0.1722881317138672,0.062047585380297095,100,3,,0.01,"{'selector__k': 100, 'svm__C': 3, 'svm__class_weight': None, 'svm__gamma': 0.01}",0.5336681996353316,0.4299509319874291,0.4338895404399806,0.5491047737266145,0.48602549531875644,0.48652778822162246,0.04921397279670097,12
0.7579998016357422,0.20979514362457088,0.23385205268859863,0.014662930245943492,125,1,balanced,0.01,"{'selector__k': 125, 'svm__C': 1, 'svm__class_weight': 'balanced', 'svm__gamma': 0.01}",0.52328872694904,0.4269950983517867,0.46257073047266356,0.5641640910302547,0.4449387261168209,0.4843914745841132,0.05138808191790697,14
0.7319291114807129,0.11312171463557176,0.2623699188232422,0.04933504204429443,125,3,balanced,0.01,"{'selector__k': 125, 'svm__C': 3, 'svm__class_weight': 'balanced', 'svm__gamma': 0.01}",0.5495511802164991,0.4381582823247586,0.43062015808097526,0.5401709276481957,0.46344578305826223,0.4843892662657382,0.050645274481063284,15
1.073578453063965,0.425726003684792,0.34876179695129395,0.19890499024928968,150,1,,0.01,"{'selector__k': 150, 'svm__C': 1, 'svm__class_weight': None, 'svm__gamma': 0.01}",0.5382228963103913,0.4059102922983308,0.4513248562318379,0.5780465395547819,0.4376424659351489,0.4822294100660982,0.06493671931461038,16
0.7389954566955567,0.2449728232860158,0.24979915618896484,0.12329500444425592,125,3,balanced,scale,"{'selector__k': 125, 'svm__C': 3, 'svm__class_weight': 'balanced', 'svm__gamma': 'scale'}",0.5323078764992615,0.4390754843842177,0.4399770734013356,0.529143850193466,0.46995772689106463,0.48209240227386907,0.04124764017595259,17
0.7644706726074219,0.1805693856404342,0.17998533248901366,0.034197517548136686,125,10,,scale,"{'selector__k': 125, 'svm__C': 10, 'svm__class_weight': None, 'svm__gamma': 'scale'}",0.5397632482862714,0.42165598698785267,0.4419043068507294,0.5310546046370456,0.47368106631024565,0.481611842614429,0.0470328883466955,18
0.8041407585144043,0.3473278826118154,0.24039039611816407,0.17379160342024638,125,10,balanced,scale,"{'selector__k': 125, 'svm__C': 10, 'svm__class_weight': 'balanced', 'svm__gamma': 'scale'}",0.5397632482862714,0.42124329776503694,0.4419043068507294,0.5305203562767102,0.47368106631024565,0.4814224550977987,0.047026367430523484,19
0.9975830554962158,0.2036317752687632,0.2448758602142334,0.026571006807447124,150,3,,0.01,"{'selector__k': 150, 'svm__C': 3, 'svm__class_weight': None, 'svm__gamma': 0.01}",0.5557923240862288,0.42631912907066016,0.45248355973213655,0.5167848509894521,0.45274830989116704,0.4808256347539289,0.04790749062831169,20
0.5721316337585449,0.09517187908849734,0.17467789649963378,0.033331840963282684,75,3,,0.01,"{'selector__k': 75, 'svm__C': 3, 'svm__class_weight': None, 'svm__gamma': 0.01}",0.5594309710627433,0.4042435456343046,0.39727997578753377,0.5541140314445951,0.48593281885191464,0.4802002685562183,0.06988391718667476,21
0.863801908493042,0.2894271805034949,0.3703939437866211,0.1187011864595068,125,1,balanced,scale,"{'selector__k': 125, 'svm__C': 1, 'svm__class_weight': 'balanced', 'svm__gamma': 'scale'}",0.5292718660135478,0.4126868840648778,0.45159481560706277,0.5614991179546623,0.44438381827809526,0.47988730038364924,0.0559931816912864,22
0.8206333637237548,0.24956063224596933,0.24014010429382324,0.05206762611647666,125,30,,scale,"{'selector__k': 125, 'svm__C': 30, 'svm__class_weight': None, 'svm__gamma': 'scale'}",0.5397632482862714,0.41122054522054524,0.43900123430077354,0.5351088246487123,0.47368106631024565,0.4797549837533096,0.05110727804663046,23
0.7947269916534424,0.24274562046600673,0.19005231857299804,0.014048090236643013,125,30,balanced,scale,"{'selector__k': 125, 'svm__C': 30, 'svm__class_weight': 'balanced', 'svm__gamma': 'scale'}",0.5397632482862714,0.41122054522054524,0.43900123430077354,0.5351088246487123,0.47368106631024565,0.4797549837533096,0.05110727804663046,23
1.0410181522369384,0.1347290658899595,0.21281309127807618,0.045612863761519365,150,3,balanced,0.01,"{'selector__k': 150, 'svm__C': 3, 'svm__class_weight': 'balanced', 'svm__gamma': 0.01}",0.5502217207994311,0.4212152973101413,0.4517741502346336,0.5202383197286827,0.45274830989116704,0.4792395595928111,0.048046468294051556,25
0.5971090793609619,0.13845973718128773,0.21426949501037598,0.09710663646985443,100,3,balanced,scale,"{'selector__k': 100, 'svm__C': 3, 'svm__class_weight': 'balanced', 'svm__gamma': 'scale'}",0.5234222489147569,0.4171520376123471,0.42385097331373617,0.543721569435855,0.4782565024291936,0.47728066634117783,0.05101877221634717,26
0.5246671199798584,0.09653695820561396,0.1619321346282959,0.010695759899933075,100,3,balanced,0.01,"{'selector__k': 100, 'svm__C': 3, 'svm__class_weight': 'balanced', 'svm__gamma': 0.01}",0.5234222489147569,0.4171520376123471,0.42385097331373617,0.543721569435855,0.4782565024291936,0.47728066634117783,0.05101877221634717,26
0.9248780250549317,0.2626114842115731,0.22333207130432128,0.040966815992084196,125,30,balanced,0.01,"{'selector__k': 125, 'svm__C': 30, 'svm__class_weight': 'balanced', 'svm__gamma': 0.01}",0.5394928707708793,0.4170343705277594,0.4474521101441553,0.5143671524144166,0.4624692383315944,0.47616314843776103,0.044672718568856164,28
0.8231176376342774,0.20874239750134635,0.20855975151062012,0.08020153441900639,125,10,balanced,0.01,"{'selector__k': 125, 'svm__C': 10, 'svm__class_weight': 'balanced', 'svm__gamma': 0.01}",0.5394928707708793,0.4170343705277594,0.4474521101441553,0.5143671524144166,0.4624692383315944,0.47616314843776103,0.044672718568856164,28
0.8992810249328613,0.2330550467111877,0.19299798011779784,0.018253389658738635,125,30,,0.01,"{'selector__k': 125, 'svm__C': 30, 'svm__class_weight': None, 'svm__gamma': 0.01}",0.5394928707708793,0.4170343705277594,0.4474521101441553,0.5143671524144166,0.4624692383315944,0.47616314843776103,0.044672718568856164,28
0.676556921005249,0.06612934895006986,0.20235495567321776,0.05619099857184345,125,10,,0.01,"{'selector__k': 125, 'svm__C': 10, 'svm__class_weight': None, 'svm__gamma': 0.01}",0.5394928707708793,0.4170343705277594,0.4474521101441553,0.5143671524144166,0.4624692383315944,0.47616314843776103,0.044672718568856164,28
0.8543318271636963,0.22846467742802282,0.24774608612060547,0.07634165534618265,150,10,,0.01,"{'selector__k': 150, 'svm__C': 10, 'svm__class_weight': None, 'svm__gamma': 0.01}",0.5497402596853678,0.40489080553676826,0.4507557429223526,0.526921418162048,0.4457573213709078,0.47561310953548885,0.054107814533977595,32
0.7719332695007324,0.23955428297017847,0.2015226364135742,0.01145553522613338,150,10,balanced,0.01,"{'selector__k': 150, 'svm__C': 10, 'svm__class_weight': 'balanced', 'svm__gamma': 0.01}",0.5497402596853678,0.40489080553676826,0.4507557429223526,0.526921418162048,0.4457573213709078,0.47561310953548885,0.054107814533977595,32
0.7411448001861572,0.23650850311029592,0.2741304874420166,0.18612107633434194,150,30,,0.01,"{'selector__k': 150, 'svm__C': 30, 'svm__class_weight': None, 'svm__gamma': 0.01}",0.5497402596853678,0.40489080553676826,0.4507557429223526,0.526921418162048,0.4457573213709078,0.47561310953548885,0.054107814533977595,32
0.7193740844726563,0.20895347009037948,0.21154685020446778,0.08072112208281583,150,30,balanced,0.01,"{'selector__k': 150, 'svm__C': 30, 'svm__class_weight': 'balanced', 'svm__gamma': 0.01}",0.5497402596853678,0.40489080553676826,0.4507557429223526,0.526921418162048,0.4457573213709078,0.47561310953548885,0.054107814533977595,32
0.9138786315917968,0.2141742083265886,0.27537994384765624,0.10511141817651581,150,1,balanced,0.01,"{'selector__k': 150, 'svm__C': 1, 'svm__class_weight': 'balanced', 'svm__gamma': 0.01}",0.5391790132010414,0.3967308550940347,0.4502070041395297,0.5645899138695782,0.42724123329657243,0.4755896039201513,0.06506183477859401,36
0.6179961681365966,0.1216845876331688,0.18425779342651366,0.025289529710074605,75,3,,scale,"{'selector__k': 75, 'svm__C': 3, 'svm__class_weight': None, 'svm__gamma': 'scale'}",0.5620980986827246,0.39612427473156747,0.39814206502378546,0.5370458816503173,0.4809802515003633,0.4748781143177516,0.06870222930407717,37
0.7418323516845703,0.06091749785787477,0.350864315032959,0.14253636602517553,200,3,,scale,"{'selector__k': 200, 'svm__C': 3, 'svm__class_weight': None, 'svm__gamma': 'scale'}",0.4972232407628164,0.42559901608550377,0.4481636861615979,0.5183586785342004,0.48311053635787926,0.4744910315803995,0.033463346940016285,38
0.7006432056427002,0.2163604488584352,0.24569282531738282,0.03349770206474636,150,1,balanced,scale,"{'selector__k': 150, 'svm__C': 1, 'svm__class_weight': 'balanced', 'svm__gamma': 'scale'}",0.5294352532087389,0.40089275357398496,0.4416305906967118,0.5502476431201605,0.4458625368375228,0.47361375548742374,0.056692485264691866,39
0.7322732925415039,0.24079629113642062,0.1990123748779297,0.05076833470407611,100,10,balanced,scale,"{'selector__k': 100, 'svm__C': 10, 'svm__class_weight': 'balanced', 'svm__gamma': 'scale'}",0.540425231854856,0.4119233743317535,0.42201581434276236,0.5069758346022846,0.48616409843750896,0.47350087071383307,0.04940101162540342,40
0.5816829681396485,0.12051325487642009,0.21733484268188477,0.08070046672687568,100,10,balanced,0.01,"{'selector__k': 100, 'svm__C': 10, 'svm__class_weight': 'balanced', 'svm__gamma': 0.01}",0.540425231854856,0.4119233743317535,0.42201581434276236,0.5069758346022846,0.48616409843750896,0.47350087071383307,0.04940101162540342,40
0.8569464683532715,0.2508239341699155,0.31130733489990237,0.16518967489106226,200,10,balanced,scale,"{'selector__k': 200, 'svm__C': 10, 'svm__class_weight': 'balanced', 'svm__gamma': 'scale'}",0.5044628625975276,0.4259947962873962,0.44088995340608245,0.5105827321256974,0.4791032073334634,0.4722067103500335,0.03369575742612498,42
0.5591471195220947,0.18465896316345462,0.18634848594665526,0.05936344513629663,75,3,balanced,0.01,"{'selector__k': 75, 'svm__C': 3, 'svm__class_weight': 'balanced', 'svm__gamma': 0.01}",0.5503567980863312,0.38807090495422225,0.41040015056200235,0.5449787769891437,0.46641903228936854,0.4720451325762136,0.0668363092323332,43
1.0423474311828613,0.04990338750578313,0.24576730728149415,0.0532330815390484,200,30,balanced,scale,"{'selector__k': 200, 'svm__C': 30, 'svm__class_weight': 'balanced', 'svm__gamma': 'scale'}",0.5044628625975276,0.420679092541109,0.44088995340608245,0.51471400353794,0.4791032073334634,0.4719698238832245,0.03613985359454829,44
0.9187025547027587,0.30306686719441606,0.3011199474334717,0.05516753847064161,200,30,,scale,"{'selector__k': 200, 'svm__C': 30, 'svm__class_weight': None, 'svm__gamma': 'scale'}",0.5044628625975276,0.420679092541109,0.44088995340608245,0.51471400353794,0.4791032073334634,0.4719698238832245,0.03613985359454829,44
0.8472186088562011,0.10085295846703632,0.26442928314208985,0.033007044015535794,all,3,balanced,scale,"{'selector__k': 'all', 'svm__C': 3, 'svm__class_weight': 'balanced', 'svm__gamma': 'scale'}",0.4983190014076824,0.4153840490605197,0.4694526171408195,0.5087471915058122,0.46742898292607654,0.4718663684081821,0.03248293671746369,46
0.5686196327209473,0.08343171804988182,0.1388711929321289,0.024606788314898046,100,10,,scale,"{'selector__k': 100, 'svm__C': 10, 'svm__class_weight': None, 'svm__gamma': 'scale'}",0.5360789331441504,0.41630112372865996,0.4187164886757049,0.5016199501766327,0.48627589664175036,0.47179847847337963,0.047177424025888745,47
0.5622107028961182,0.13214663916382655,0.1499767780303955,0.01806831167791975,100,10,,0.01,"{'selector__k': 100, 'svm__C': 10, 'svm__class_weight': None, 'svm__gamma': 0.01}",0.5360789331441504,0.41630112372865996,0.4187164886757049,0.5016199501766327,0.48627589664175036,0.47179847847337963,0.047177424025888745,47
0.7960429668426514,0.19355530773568858,0.21111173629760743,0.04331017124929492,200,10,,scale,"{'selector__k': 200, 'svm__C': 10, 'svm__class_weight': None, 'svm__gamma': 'scale'}",0.5044628625975276,0.420679092541109,0.44088995340608245,0.5105827321256974,0.4791032073334634,0.47114356960077597,0.03518784846240998,49
0.7569925308227539,0.19147002816720907,0.24281911849975585,0.08365621804375922,75,30,,0.01,"{'selector__k': 75, 'svm__C': 30, 'svm__class_weight': None, 'svm__gamma': 0.01}",0.5409275687553579,0.4027793914073808,0.4074785276727446,0.5292514312019364,0.47104244355057434,0.47029587251759875,0.058257438694773525,50
0.9958542346954345,0.24236648272989691,0.28035497665405273,0.04843193940307433,200,3,balanced,scale,"{'selector__k': 200, 'svm__C': 3, 'svm__class_weight': 'balanced', 'svm__gamma': 'scale'}",0.496265618673058,0.4215914375432559,0.4408469383151499,0.5228949470056831,0.46830461398893164,0.46998071110521566,0.03656205831503718,51
0.8917078495025634,0.22593863005969367,0.21480870246887207,0.06106625321357703,75,30,balanced,0.01,"{'selector__k': 75, 'svm__C': 30, 'svm__class_weight': 'balanced', 'svm__gamma': 0.01}",0.5367028051276092,0.4027793914073808,0.4074785276727446,0.5292514312019364,0.47104244355057434,0.46945091979204906,0.05724879086248336,52
0.5932610511779786,0.06045142831436544,0.17186670303344725,0.014910887804826238,100,30,,scale,"{'selector__k': 100, 'svm__C': 30, 'svm__class_weight': None, 'svm__gamma': 'scale'}",0.527034205638971,0.422704346942228,0.4037909637913574,0.5101708472654445,0.4818751619889148,0.4691151051253831,0.0482166301897964,53
0.8163034439086914,0.3572035776479863,0.21300950050354003,0.1081654509883504,100,30,,0.01,"{'selector__k': 100, 'svm__C': 30, 'svm__class_weight': None, 'svm__gamma': 0.01}",0.527034205638971,0.422704346942228,0.4037909637913574,0.5101708472654445,0.4818751619889148,0.4691151051253831,0.0482166301897964,53
0.6177143573760986,0.15710288588276897,0.2107820987701416,0.06554092547316051,100,30,balanced,scale,"{'selector__k': 100, 'svm__C': 30, 'svm__class_weight': 'balanced', 'svm__gamma': 'scale'}",0.527034205638971,0.422704346942228,0.4037909637913574,0.5101708472654445,0.4818751619889148,0.4691151051253831,0.0482166301897964,53
0.7607511043548584,0.16084302120710872,0.17176394462585448,0.01466751584259444,100,30,balanced,0.01,"{'selector__k': 100, 'svm__C': 30, 'svm__class_weight': 'balanced', 'svm__gamma': 0.01}",0.527034205638971,0.422704346942228,0.4037909637913574,0.5101708472654445,0.4818751619889148,0.4691151051253831,0.0482166301897964,53
0.7468255519866943,0.17123163536174463,0.24425897598266602,0.07596427992026818,75,10,balanced,0.01,"{'selector__k': 75, 'svm__C': 10, 'svm__class_weight': 'balanced', 'svm__gamma': 0.01}",0.5548740486262906,0.39091104128305554,0.4098321119831804,0.5291174176209998,0.45766728693053266,0.4684803812888118,0.06436499194786803,57
0.740122127532959,0.15089681246474895,0.17789163589477539,0.02499329648874075,75,3,balanced,scale,"{'selector__k': 75, 'svm__C': 3, 'svm__class_weight': 'balanced', 'svm__gamma': 'scale'}",0.5558006937666974,0.3860577789407521,0.39841981251821124,0.5348663740884277,0.46211636259653593,0.46745220438212487,0.06894798137824064,58
1.3901835441589356,0.3812250512398327,0.3102705001831055,0.03300480022727872,all,3,,scale,"{'selector__k': 'all', 'svm__C': 3, 'svm__class_weight': None, 'svm__gamma': 'scale'}",0.4913107520135365,0.4210456626981453,0.46246131879896285,0.5047935699601392,0.4572803328900191,0.46737832727216055,0.029139401533996655,59
1.2200617790222168,0.33766588289206634,0.3466360092163086,0.09413929232822357,250,3,balanced,scale,"{'selector__k': 250, 'svm__C': 3, 'svm__class_weight': 'balanced', 'svm__gamma': 'scale'}",0.4790488558908977,0.42618758251762096,0.44942408433304987,0.514554364096486,0.4616466904759695,0.46617231546280474,0.029686331264011177,60
0.6493676185607911,0.10645600416848314,0.19063501358032225,0.033238303821382764,75,10,,0.01,"{'selector__k': 75, 'svm__C': 10, 'svm__class_weight': None, 'svm__gamma': 0.01}",0.545343960331187,0.3871915030702857,0.40511355161693946,0.5296287605585722,0.4625756673039586,0.4659706885761886,0.06367690908782606,61
0.5200358867645264,0.11322620416114675,0.13331022262573242,0.001836122176337663,100,1,,0.01,"{'selector__k': 100, 'svm__C': 1, 'svm__class_weight': None, 'svm__gamma': 0.01}",0.4967816125952274,0.41772455499251593,0.4076679376962991,0.5591465536169863,0.44531188792313514,0.4653265093648328,0.05618303345510076,62
0.5483787536621094,0.05988663069442025,0.14214978218078614,0.012640448054007736,100,1,,scale,"{'selector__k': 100, 'svm__C': 1, 'svm__class_weight': None, 'svm__gamma': 'scale'}",0.4967816125952274,0.41772455499251593,0.4076679376962991,0.5591465536169863,0.44531188792313514,0.4653265093648328,0.05618303345510076,62
0.7067158222198486,0.04799210142276041,0.2301182270050049,0.03866697819921351,all,10,,scale,"{'selector__k': 'all', 'svm__C': 10, 'svm__class_weight': None, 'svm__gamma': 'scale'}",0.4789374073681032,0.43028350706430124,0.445504193578631,0.5084449780267828,0.46211563000450684,0.46505714320846503,0.02711214507635109,64
0.842392873764038,0.11058291554072834,0.2526095390319824,0.04156588770383966,all,30,,scale,"{'selector__k': 'all', 'svm__C': 30, 'svm__class_weight': None, 'svm__gamma': 'scale'}",0.4789374073681032,0.43028350706430124,0.445504193578631,0.5084449780267828,0.46211563000450684,0.46505714320846503,0.02711214507635109,64
0.7719973087310791,0.04889563123336861,0.23099360466003419,0.023372755337501473,all,30,balanced,scale,"{'selector__k': 'all', 'svm__C': 30, 'svm__class_weight': 'balanced', 'svm__gamma': 'scale'}",0.4789374073681032,0.43028350706430124,0.445504193578631,0.5084449780267828,0.46211563000450684,0.46505714320846503,0.02711214507635109,64
0.7761205673217774,0.11332484016644578,0.2313385486602783,0.015668566746010526,all,10,balanced,scale,"{'selector__k': 'all', 'svm__C': 10, 'svm__class_weight': 'balanced', 'svm__gamma': 'scale'}",0.4789374073681032,0.43028350706430124,0.445504193578631,0.5084449780267828,0.46211563000450684,0.46505714320846503,0.02711214507635109,64
0.8765130519866944,0.1975036071393756,0.2302839756011963,0.07537609613751739,75,10,balanced,scale,"{'selector__k': 75, 'svm__C': 10, 'svm__class_weight': 'balanced', 'svm__gamma': 'scale'}",0.5414298725619563,0.3888640382191329,0.406164688869426,0.5241863589839867,0.46311468310583626,0.4647519283480677,0.06100176348896198,68
0.7818403720855713,0.2814155936181015,0.13313145637512208,0.013746083940608719,75,10,,scale,"{'selector__k': 75, 'svm__C': 10, 'svm__class_weight': None, 'svm__gamma': 'scale'}",0.53975877474431,0.38431237925080936,0.4064824364812913,0.5285181965320463,0.4641926856663186,0.4646528945349552,0.06254323691607194,69
1.9119877338409423,0.5082486062897211,0.4783188819885254,0.21750591682256043,250,3,,scale,"{'selector__k': 250, 'svm__C': 3, 'svm__class_weight': None, 'svm__gamma': 'scale'}",0.4685004186378786,0.43100806523672425,0.4477049737002485,0.514554364096486,0.4569528129249491,0.4637441269192573,0.028211092248098434,70
0.8477533340454102,0.12664018803199298,0.21558713912963867,0.03779378222756919,75,30,balanced,scale,"{'selector__k': 75, 'svm__C': 30, 'svm__class_weight': 'balanced', 'svm__gamma': 'scale'}",0.5291218578969548,0.38467028646346996,0.40004468174059954,0.5292271494149123,0.468701505943508,0.4623530962918889,0.06146131511644293,71
0.8019172668457031,0.15072342469130773,0.17624802589416505,0.021314008648182167,75,30,,scale,"{'selector__k': 75, 'svm__C': 30, 'svm__class_weight': None, 'svm__gamma': 'scale'}",0.5291218578969548,0.38467028646346996,0.40004468174059954,0.5292271494149123,0.468701505943508,0.4623530962918889,0.06146131511644293,71
0.9847066879272461,0.29738526885532435,0.2706908226013184,0.053440966036208154,250,10,,scale,"{'selector__k': 250, 'svm__C': 10, 'svm__class_weight': None, 'svm__gamma': 'scale'}",0.45756649233100394,0.4294798580207466,0.448873647431409,0.5162499300430706,0.4589438484402298,0.46222275525329193,0.028988492989035487,73
1.4285459518432617,0.3666095819066423,0.4283668041229248,0.1178262281437336,250,10,balanced,scale,"{'selector__k': 250, 'svm__C': 10, 'svm__class_weight': 'balanced', 'svm__gamma': 'scale'}",0.45756649233100394,0.4294798580207466,0.448873647431409,0.5162499300430706,0.4589438484402298,0.46222275525329193,0.028988492989035487,73
1.011580514907837,0.2002252491938847,0.3521315097808838,0.04381824942587663,250,30,,scale,"{'selector__k': 250, 'svm__C': 30, 'svm__class_weight': None, 'svm__gamma': 'scale'}",0.45756649233100394,0.4294798580207466,0.448873647431409,0.5162499300430706,0.4589438484402298,0.46222275525329193,0.028988492989035487,73
0.9190210819244384,0.22145150842110456,0.22658658027648926,0.014635303842897122,250,30,balanced,scale,"{'selector__k': 250, 'svm__C': 30, 'svm__class_weight': 'balanced', 'svm__gamma': 'scale'}",0.45756649233100394,0.4294798580207466,0.448873647431409,0.5162499300430706,0.4589438484402298,0.46222275525329193,0.028988492989035487,73
0.8004326820373535,0.1792087149563931,0.20818300247192384,0.01571566400355966,200,1,,scale,"{'selector__k': 200, 'svm__C': 1, 'svm__class_weight': None, 'svm__gamma': 'scale'}",0.47520227021052647,0.40537010685074226,0.46405512688385003,0.5334160483278282,0.4267139504765484,0.4609515005498991,0.044102899627046485,77
1.1143144607543944,0.32407570341033737,0.593394136428833,0.40267318322992135,250,1,balanced,scale,"{'selector__k': 250, 'svm__C': 1, 'svm__class_weight': 'balanced', 'svm__gamma': 'scale'}",0.5133882489213775,0.4192773634152301,0.4494480172103543,0.49909244323878466,0.4226446624388724,0.46077014704492375,0.03883466833752684,78
0.5931277275085449,0.12271630876626653,0.12545619010925294,0.030455096538783644,75,1,,0.01,"{'selector__k': 75, 'svm__C': 1, 'svm__class_weight': None, 'svm__gamma': 0.01}",0.5359214031356433,0.3965802112640206,0.3922872678130819,0.5607434111529485,0.41183320322644507,0.4594730993184279,0.07326531271773046,79
0.9515069007873536,0.2764516046102759,0.2005744457244873,0.02489440292217447,200,1,balanced,scale,"{'selector__k': 200, 'svm__C': 1, 'svm__class_weight': 'balanced', 'svm__gamma': 'scale'}",0.5007125893205219,0.39105416611339716,0.46161242158184973,0.5172051880018579,0.4256597401929851,0.4592488210421224,0.04661010292128846,80
1.1303049087524415,0.30853190828567933,0.36143693923950193,0.13265737895691065,all,1,balanced,scale,"{'selector__k': 'all', 'svm__C': 1, 'svm__class_weight': 'balanced', 'svm__gamma': 'scale'}",0.48752216241285196,0.42282087448572253,0.4461566214505534,0.5132460143190949,0.41857976511848294,0.4576650875573412,0.037026776109955785,81
0.4885599613189697,0.05034765717916085,0.17272119522094725,0.012260037575645403,100,1,balanced,0.01,"{'selector__k': 100, 'svm__C': 1, 'svm__class_weight': 'balanced', 'svm__gamma': 0.01}",0.5146298392045833,0.3858788537788261,0.4298435296250896,0.5321870757500268,0.4254050963525511,0.45758887894221534,0.05615423420201194,82
0.4967772960662842,0.10780787557133029,0.19249286651611328,0.038318691703872615,100,1,balanced,scale,"{'selector__k': 100, 'svm__C': 1, 'svm__class_weight': 'balanced', 'svm__gamma': 'scale'}",0.5146298392045833,0.3858788537788261,0.4298435296250896,0.5321870757500268,0.4254050963525511,0.45758887894221534,0.05615423420201194,82
0.6693366050720215,0.3823130668823623,0.16776914596557618,0.03964812029192524,75,1,balanced,0.01,"{'selector__k': 75, 'svm__C': 1, 'svm__class_weight': 'balanced', 'svm__gamma': 0.01}",0.5295108555757814,0.3747291024910473,0.41526965654572456,0.5516959661109401,0.41003135854581513,0.45624738785386176,0.0706233579923749,84
0.825019645690918,0.31564055688140075,0.23213062286376954,0.0346721764371711,200,1,balanced,0.01,"{'selector__k': 200, 'svm__C': 1, 'svm__class_weight': 'balanced', 'svm__gamma': 0.01}",0.5032438232688929,0.3600795154118796,0.46008498192566893,0.5312695317959969,0.42642685902280564,0.45622094228504884,0.05998205445730291,85
1.260334587097168,0.44609014411069275,0.3196849346160889,0.02985693854065242,all,1,,scale,"{'selector__k': 'all', 'svm__C': 1, 'svm__class_weight': None, 'svm__gamma': 'scale'}",0.4644992297709943,0.39656890705848746,0.4483910584338819,0.5127695596911088,0.44790154278614425,0.4540260595481233,0.037231904111685456,86
0.8580910205841065,0.3040739338465204,0.29265737533569336,0.11291498646521471,250,1,,scale,"{'selector__k': 250, 'svm__C': 1, 'svm__class_weight': None, 'svm__gamma': 'scale'}",0.4844416379426904,0.4038027598995469,0.44656241615364245,0.5102993434580095,0.42465338493909915,0.4539519084785977,0.0388139207325708,87
0.7619626998901368,0.11602019406293108,0.2847902297973633,0.12111217202522065,200,1,,0.01,"{'selector__k': 200, 'svm__C': 1, 'svm__class_weight': None, 'svm__gamma': 0.01}",0.48182603552652453,0.3486271783402202,0.45415500307540974,0.5331097076556053,0.43173407965690985,0.44989040085093396,0.06090552824148345,88
0.6647085189819336,0.047625476349610674,0.13078761100769043,0.02357678432577781,75,1,,scale,"{'selector__k': 75, 'svm__C': 1, 'svm__class_weight': None, 'svm__gamma': 'scale'}",0.5362054581122865,0.34499493441179785,0.40390004258472645,0.5334873318763085,0.42593533537445993,0.4489046204719158,0.07500119234656702,89
0.7419923782348633,0.1299789905104383,0.1804586887359619,0.037291377782859285,75,3,,0.03,"{'selector__k': 75, 'svm__C': 3, 'svm__class_weight': None, 'svm__gamma': 0.03}",0.5270463414061671,0.3482311582084198,0.409993992866141,0.5156295885532621,0.43731721015303104,0.44764365823740426,0.0668338997963336,90
1.0852661609649659,0.3675527249952735,0.19336495399475098,0.03674016224223345,75,1,balanced,0.03,"{'selector__k': 75, 'svm__C': 1, 'svm__class_weight': 'balanced', 'svm__gamma': 0.03}",0.5548703761550657,0.34048582459134474,0.43100742293484007,0.4944903313434397,0.41177192248806155,0.4465251755025503,0.07311945276160946,91
0.5550396919250489,0.12845511536004564,0.13685169219970703,0.03032641919029985,75,1,,0.03,"{'selector__k': 75, 'svm__C': 1, 'svm__class_weight': None, 'svm__gamma': 0.03}",0.5374513204558026,0.3390425074165545,0.41484255172234713,0.49729962216012324,0.4431777448630752,0.4463627493235805,0.06842951737151567,92
0.407938289642334,0.0687441030102494,0.11678428649902343,0.011572783479849778,75,1,balanced,scale,"{'selector__k': 75, 'svm__C': 1, 'svm__class_weight': 'balanced', 'svm__gamma': 'scale'}",0.524315202079176,0.33621285074943613,0.41983049649221643,0.5299998213071819,0.4212082217119668,0.4463133184679954,0.07285800345757659,93
0.7915721416473389,0.12771788172291704,0.1613317012786865,0.033336466214602276,75,3,balanced,0.03,"{'selector__k': 75, 'svm__C': 3, 'svm__class_weight': 'balanced', 'svm__gamma': 0.03}",0.5228796747395005,0.3482311582084198,0.409993992866141,0.5156295885532621,0.43365071148403683,0.44607702517027203,0.06597941834785256,94
0.8820945739746093,0.10616680176597681,0.16113319396972656,0.021803676829278303,75,30,balanced,0.03,"{'selector__k': 75, 'svm__C': 30, 'svm__class_weight': 'balanced', 'svm__gamma': 0.03}",0.5037014034910907,0.34376705325390966,0.4125368832621481,0.5246740561026276,0.436760410380545,0.44428796129806425,0.06505555976921944,95
0.7562385559082031,0.13857687811364922,0.1760934352874756,0.009408398188768725,75,10,,0.03,"{'selector__k': 75, 'svm__C': 10, 'svm__class_weight': None, 'svm__gamma': 0.03}",0.5037014034910907,0.34376705325390966,0.4125368832621481,0.5246740561026276,0.436760410380545,0.44428796129806425,0.06505555976921944,95
1.0662840843200683,0.24292646899638662,0.21368718147277832,0.01825079589887245,75,30,,0.03,"{'selector__k': 75, 'svm__C': 30, 'svm__class_weight': None, 'svm__gamma': 0.03}",0.5037014034910907,0.34376705325390966,0.4125368832621481,0.5246740561026276,0.436760410380545,0.44428796129806425,0.06505555976921944,95
0.766490125656128,0.11013691328235624,0.19133729934692384,0.03538908389777389,75,10,balanced,0.03,"{'selector__k': 75, 'svm__C': 10, 'svm__class_weight': 'balanced', 'svm__gamma': 0.03}",0.5037014034910907,0.34376705325390966,0.4125368832621481,0.5246740561026276,0.436760410380545,0.44428796129806425,0.06505555976921944,95
1.0905344486236572,0.318423193424968,0.3628695964813232,0.23754302778841815,200,3,balanced,0.01,"{'selector__k': 200, 'svm__C': 3, 'svm__class_weight': 'balanced', 'svm__gamma': 0.01}",0.46296962675479303,0.3514108757067206,0.4452240106657174,0.5198108593456375,0.4272011606560227,0.44132330662577823,0.05464019553342224,99
1.2183720588684082,0.4232388958632348,0.45478143692016604,0.22668212263754675,200,30,,0.01,"{'selector__k': 200, 'svm__C': 30, 'svm__class_weight': None, 'svm__gamma': 0.01}",0.46296962675479303,0.35203309990614073,0.4500550089548929,0.5142443684543672,0.4272011606560227,0.44130065294524334,0.05298011044869842,100
0.902778434753418,0.2849217748425333,0.24724268913269043,0.03694815017338459,200,10,,0.01,"{'selector__k': 200, 'svm__C': 10, 'svm__class_weight': None, 'svm__gamma': 0.01}",0.46296962675479303,0.35203309990614073,0.4500550089548929,0.5142443684543672,0.4272011606560227,0.44130065294524334,0.05298011044869842,100
0.9526370525360107,0.3183512065625359,0.28201971054077146,0.07131417971334825,200,10,balanced,0.01,"{'selector__k': 200, 'svm__C': 10, 'svm__class_weight': 'balanced', 'svm__gamma': 0.01}",0.46296962675479303,0.35203309990614073,0.4500550089548929,0.5142443684543672,0.4272011606560227,0.44130065294524334,0.05298011044869842,100
0.968566608428955,0.33785465346938753,0.22898316383361816,0.04079067107041946,200,30,balanced,0.01,"{'selector__k': 200, 'svm__C': 30, 'svm__class_weight': 'balanced', 'svm__gamma': 0.01}",0.46296962675479303,0.35203309990614073,0.4500550089548929,0.5142443684543672,0.4272011606560227,0.44130065294524334,0.05298011044869842,100
0.9585430145263671,0.21911211388056684,0.26624159812927245,0.04463584147816937,200,3,,0.01,"{'selector__k': 200, 'svm__C': 3, 'svm__class_weight': None, 'svm__gamma': 0.01}",0.46296962675479303,0.35217152115567313,0.44560563718844803,0.5142443684543672,0.4272011606560227,0.44043846284186083,0.05281655783004738,104
0.6235096454620361,0.07762011867391894,0.165220308303833,0.037663713521162774,100,1,,0.03,"{'selector__k': 100, 'svm__C': 1, 'svm__class_weight': None, 'svm__gamma': 0.03}",0.4992685740152212,0.3413716093198084,0.40006386491268003,0.4884641889731585,0.3925026961689069,0.424334186677955,0.06035379217334782,105
0.9710659980773926,0.34357311413366726,0.21475934982299805,0.07437224003092424,100,1,balanced,0.03,"{'selector__k': 100, 'svm__C': 1, 'svm__class_weight': 'balanced', 'svm__gamma': 0.03}",0.4889685286362614,0.3331777097935328,0.4074420718529805,0.48905021804579346,0.3883188298800028,0.42139147164171414,0.060356304996226996,106
0.7076344966888428,0.12828683679680772,0.1770707130432129,0.021511759308227334,100,3,balanced,0.03,"{'selector__k': 100, 'svm__C': 3, 'svm__class_weight': 'balanced', 'svm__gamma': 0.03}",0.4690074316291059,0.33052048416936536,0.38985544300327357,0.49310844368522466,0.40909093969539356,0.4183165484364726,0.05790801069570024,107
0.5850927352905273,0.08381686117293591,0.2379368305206299,0.10005150008469488,100,30,,0.03,"{'selector__k': 100, 'svm__C': 30, 'svm__class_weight': None, 'svm__gamma': 0.03}",0.4635599966164534,0.33052048416936536,0.3932264307581912,0.49356104223306124,0.40909093969539356,0.41799177869449294,0.05679956132848291,108
0.6248654842376709,0.05889600929824563,0.17327661514282228,0.02672739601452679,100,30,balanced,0.03,"{'selector__k': 100, 'svm__C': 30, 'svm__class_weight': 'balanced', 'svm__gamma': 0.03}",0.4635599966164534,0.33052048416936536,0.3932264307581912,0.49356104223306124,0.40909093969539356,0.41799177869449294,0.05679956132848291,108
0.9766494750976562,0.16739486298422596,0.2161581039428711,0.06327387334324025,100,10,balanced,0.03,"{'selector__k': 100, 'svm__C': 10, 'svm__class_weight': 'balanced', 'svm__gamma': 0.03}",0.4635599966164534,0.33052048416936536,0.3932264307581912,0.49356104223306124,0.40909093969539356,0.41799177869449294,0.05679956132848291,108
0.7071815967559815,0.22117151527696874,0.1971466064453125,0.0659506907057699,100,10,,0.03,"{'selector__k': 100, 'svm__C': 10, 'svm__class_weight': None, 'svm__gamma': 0.03}",0.4635599966164534,0.33052048416936536,0.3932264307581912,0.49356104223306124,0.40909093969539356,0.41799177869449294,0.05679956132848291,108
0.6310494422912598,0.06757113072999706,0.15746569633483887,0.021066454062925438,100,3,,0.03,"{'selector__k': 100, 'svm__C': 3, 'svm__class_weight': None, 'svm__gamma': 0.03}",0.4635599966164534,0.33052048416936536,0.38985544300327357,0.49356104223306124,0.40909093969539356,0.41731758114350936,0.05710868419351753,112
1.0225435733795165,0.4047412085893388,0.2658569812774658,0.02987345294508564,250,1,,0.01,"{'selector__k': 250, 'svm__C': 1, 'svm__class_weight': None, 'svm__gamma': 0.01}",0.4079661552952148,0.3389651483781918,0.4257294227261116,0.5005473044244961,0.36659089379832416,0.4079597849244677,0.05542536217384746,113
1.5604705810546875,0.6490891182755026,0.34540629386901855,0.023030707985617693,250,30,,0.01,"{'selector__k': 250, 'svm__C': 30, 'svm__class_weight': None, 'svm__gamma': 0.01}",0.39006946753535227,0.34490485759716283,0.428385422239124,0.5061234396473269,0.3589323632599982,0.40568311005579283,0.0578395520687548,114
1.1647620677947998,0.44865861849877775,0.4447751998901367,0.12643432734940122,250,10,,0.01,"{'selector__k': 250, 'svm__C': 10, 'svm__class_weight': None, 'svm__gamma': 0.01}",0.39006946753535227,0.34490485759716283,0.428385422239124,0.5061234396473269,0.3589323632599982,0.40568311005579283,0.0578395520687548,114
0.8839537143707276,0.20144142859909847,0.3334946632385254,0.17151920182016575,250,30,balanced,0.01,"{'selector__k': 250, 'svm__C': 30, 'svm__class_weight': 'balanced', 'svm__gamma': 0.01}",0.39006946753535227,0.34490485759716283,0.428385422239124,0.5061234396473269,0.3589323632599982,0.40568311005579283,0.0578395520687548,114
1.240537691116333,0.3033950322418107,0.3373171329498291,0.10828421475343648,250,10,balanced,0.01,"{'selector__k': 250, 'svm__C': 10, 'svm__class_weight': 'balanced', 'svm__gamma': 0.01}",0.39006946753535227,0.34490485759716283,0.428385422239124,0.5061234396473269,0.3589323632599982,0.40568311005579283,0.0578395520687548,114
1.976001214981079,0.6079009762472937,0.4494317531585693,0.21083546992438573,250,3,,0.01,"{'selector__k': 250, 'svm__C': 3, 'svm__class_weight': None, 'svm__gamma': 0.01}",0.39006946753535227,0.34490485759716283,0.428385422239124,0.49851371685271034,0.3589323632599982,0.4041611654968695,0.05521729636843283,118
1.3079043865203857,0.3586935011430186,0.3863382339477539,0.17574316638078194,250,3,balanced,0.01,"{'selector__k': 250, 'svm__C': 3, 'svm__class_weight': 'balanced', 'svm__gamma': 0.01}",0.39006946753535227,0.34490485759716283,0.428385422239124,0.49851371685271034,0.3589323632599982,0.4041611654968695,0.05521729636843283,118
1.1665457725524901,0.35368215621433485,0.19987802505493163,0.02357973923336805,125,1,balanced,0.03,"{'selector__k': 125, 'svm__C': 1, 'svm__class_weight': 'balanced', 'svm__gamma': 0.03}",0.48745312170692046,0.3612229371335483,0.37575968491980943,0.47348749914437216,0.32009812383523206,0.4036042733479765,0.06551193843770835,120
0.734015417098999,0.20605754700937243,0.20371594429016113,0.02400256651491369,125,1,,0.03,"{'selector__k': 125, 'svm__C': 1, 'svm__class_weight': None, 'svm__gamma': 0.03}",0.48722565018222663,0.3585266005477398,0.37608027441686953,0.47564284453582395,0.32040370605603863,0.4035758151477397,0.06617248348526975,121
1.441811466217041,0.710034553769495,0.4249851226806641,0.05164352633624708,250,1,balanced,0.01,"{'selector__k': 250, 'svm__C': 1, 'svm__class_weight': 'balanced', 'svm__gamma': 0.01}",0.4098648908860513,0.3355921122480493,0.4155881800923448,0.5042186878517886,0.34955421451714286,0.4029636171190754,0.05975128529804452,122
0.8633981704711914,0.14651320796210732,0.19947328567504882,0.024160004526148016,125,10,,0.03,"{'selector__k': 125, 'svm__C': 10, 'svm__class_weight': None, 'svm__gamma': 0.03}",0.4599648840219874,0.3519227897032278,0.3675003863746473,0.47841482421877884,0.32792292248813987,0.39714516136135625,0.060442815277147496,123
1.2884215831756591,0.4226665990771848,0.2518441677093506,0.11692161362007812,125,3,balanced,0.03,"{'selector__k': 125, 'svm__C': 3, 'svm__class_weight': 'balanced', 'svm__gamma': 0.03}",0.4599648840219874,0.3519227897032278,0.3675003863746473,0.47841482421877884,0.32792292248813987,0.39714516136135625,0.060442815277147496,123
0.7649943351745605,0.1599148965933178,0.2099595546722412,0.03759077594797801,125,30,balanced,0.03,"{'selector__k': 125, 'svm__C': 30, 'svm__class_weight': 'balanced', 'svm__gamma': 0.03}",0.4599648840219874,0.3519227897032278,0.3675003863746473,0.47841482421877884,0.32792292248813987,0.39714516136135625,0.060442815277147496,123
0.8490030288696289,0.17458895293294843,0.20648231506347656,0.026269680170394532,125,30,,0.03,"{'selector__k': 125, 'svm__C': 30, 'svm__class_weight': None, 'svm__gamma': 0.03}",0.4599648840219874,0.3519227897032278,0.3675003863746473,0.47841482421877884,0.32792292248813987,0.39714516136135625,0.060442815277147496,123
0.9319940090179444,0.3205082605611128,0.1677783966064453,0.016904621185644376,125,3,,0.03,"{'selector__k': 125, 'svm__C': 3, 'svm__class_weight': None, 'svm__gamma': 0.03}",0.4599648840219874,0.3519227897032278,0.3675003863746473,0.47841482421877884,0.32792292248813987,0.39714516136135625,0.060442815277147496,123
0.8481848239898682,0.17117088908203423,0.20774855613708496,0.060765007039915137,125,10,balanced,0.03,"{'selector__k': 125, 'svm__C': 10, 'svm__class_weight': 'balanced', 'svm__gamma': 0.03}",0.4599648840219874,0.3519227897032278,0.3675003863746473,0.47841482421877884,0.32792292248813987,0.39714516136135625,0.060442815277147496,123
0.8695892333984375,0.11802891973017136,0.25197997093200686,0.026194007541815445,all,10,balanced,0.01,"{'selector__k': 'all', 'svm__C': 10, 'svm__class_weight': 'balanced', 'svm__gamma': 0.01}",0.3792213379742224,0.35330963492454176,0.3371975463077025,0.4465416133428749,0.34765008259631913,0.37278404302913215,0.039392855270374755,129
0.8469391345977784,0.10447443533752195,0.27586898803710935,0.0459221334195929,all,30,,0.01,"{'selector__k': 'all', 'svm__C': 30, 'svm__class_weight': None, 'svm__gamma': 0.01}",0.3792213379742224,0.35330963492454176,0.3371975463077025,0.4465416133428749,0.34765008259631913,0.37278404302913215,0.039392855270374755,129
0.7921511650085449,0.11422400825751908,0.28301453590393066,0.05439988733580765,all,10,,0.01,"{'selector__k': 'all', 'svm__C': 10, 'svm__class_weight': None, 'svm__gamma': 0.01}",0.3792213379742224,0.35330963492454176,0.3371975463077025,0.4465416133428749,0.34765008259631913,0.37278404302913215,0.039392855270374755,129
1.050913190841675,0.2221199372904958,0.28543839454650877,0.08334463183127878,all,3,,0.01,"{'selector__k': 'all', 'svm__C': 3, 'svm__class_weight': None, 'svm__gamma': 0.01}",0.3792213379742224,0.35330963492454176,0.3371975463077025,0.4465416133428749,0.34765008259631913,0.37278404302913215,0.039392855270374755,129
0.8557072162628174,0.13552033856189413,0.259538459777832,0.01944484109484244,all,3,balanced,0.01,"{'selector__k': 'all', 'svm__C': 3, 'svm__class_weight': 'balanced', 'svm__gamma': 0.01}",0.3792213379742224,0.35330963492454176,0.3371975463077025,0.4465416133428749,0.34765008259631913,0.37278404302913215,0.039392855270374755,129
0.8219026565551758,0.09694662332722649,0.2594315052032471,0.047769666955142606,all,30,balanced,0.01,"{'selector__k': 'all', 'svm__C': 30, 'svm__class_weight': 'balanced', 'svm__gamma': 0.01}",0.3792213379742224,0.35330963492454176,0.3371975463077025,0.4465416133428749,0.34765008259631913,0.37278404302913215,0.039392855270374755,129
0.8799500465393066,0.08982711515510997,0.29416732788085936,0.015544801088229004,all,1,balanced,0.01,"{'selector__k': 'all', 'svm__C': 1, 'svm__class_weight': 'balanced', 'svm__gamma': 0.01}",0.35168000607898303,0.3469462694394433,0.3317394494353252,0.4295651191121148,0.3420375255420185,0.36039367392157695,0.035212106692345535,135
1.0469703674316406,0.3604870104587383,0.35954742431640624,0.1182811365567154,all,1,,0.01,"{'selector__k': 'all', 'svm__C': 1, 'svm__class_weight': None, 'svm__gamma': 0.01}",0.36770065745078756,0.3327760416832757,0.3395749661759514,0.42130176114170814,0.33928656610458896,0.3601279985112623,0.03287703266123272,136
0.8369062423706055,0.26413597484600604,0.17185759544372559,0.025830649667907726,150,10,,0.03,"{'selector__k': 150, 'svm__C': 10, 'svm__class_weight': None, 'svm__gamma': 0.03}",0.39630746048162746,0.2838455787303917,0.3582971833253043,0.48451659706186523,0.27111137016398307,0.3588156379526344,0.07812705682522116,137
0.7807560443878174,0.13398265841146542,0.2422166347503662,0.07963978946406927,150,10,balanced,0.03,"{'selector__k': 150, 'svm__C': 10, 'svm__class_weight': 'balanced', 'svm__gamma': 0.03}",0.39630746048162746,0.2838455787303917,0.3582971833253043,0.48451659706186523,0.27111137016398307,0.3588156379526344,0.07812705682522116,137
0.9548213005065918,0.1813352199403661,0.2937436580657959,0.07421895668491446,150,3,,0.03,"{'selector__k': 150, 'svm__C': 3, 'svm__class_weight': None, 'svm__gamma': 0.03}",0.39630746048162746,0.2838455787303917,0.3582971833253043,0.48451659706186523,0.27111137016398307,0.3588156379526344,0.07812705682522116,137
0.7626607894897461,0.11145427244405422,0.18119940757751465,0.014909864929092064,150,3,balanced,0.03,"{'selector__k': 150, 'svm__C': 3, 'svm__class_weight': 'balanced', 'svm__gamma': 0.03}",0.39630746048162746,0.2838455787303917,0.3582971833253043,0.48451659706186523,0.27111137016398307,0.3588156379526344,0.07812705682522116,137
0.8739300727844238,0.2994253280165617,0.19356236457824708,0.028168660502020215,150,30,,0.03,"{'selector__k': 150, 'svm__C': 30, 'svm__class_weight': None, 'svm__gamma': 0.03}",0.39630746048162746,0.2838455787303917,0.3582971833253043,0.48451659706186523,0.27111137016398307,0.3588156379526344,0.07812705682522116,137
0.8649286270141602,0.2854343272311654,0.23928627967834473,0.05952509055724991,150,30,balanced,0.03,"{'selector__k': 150, 'svm__C': 30, 'svm__class_weight': 'balanced', 'svm__gamma': 0.03}",0.39630746048162746,0.2838455787303917,0.3582971833253043,0.48451659706186523,0.27111137016398307,0.3588156379526344,0.07812705682522116,137
0.9052639484405518,0.2536650942467561,0.3227234363555908,0.05299476951619194,150,1,,0.03,"{'selector__k': 150, 'svm__C': 1, 'svm__class_weight': None, 'svm__gamma': 0.03}",0.3676141102459717,0.2977719343725944,0.3577493672990187,0.48550981723703485,0.24814638817229057,0.35135832346538204,0.07978210828156171,143
0.7420465469360351,0.197737531400393,0.26030597686767576,0.15878498670884142,150,1,balanced,0.03,"{'selector__k': 150, 'svm__C': 1, 'svm__class_weight': 'balanced', 'svm__gamma': 0.03}",0.3930029060566716,0.3033707405491158,0.33821891370278473,0.4734013822189923,0.23950307475052016,0.3494994034556169,0.07949660420325508,144
1.0557837963104248,0.27433213953225866,0.25288877487182615,0.06396552201665578,200,3,balanced,0.03,"{'selector__k': 200, 'svm__C': 3, 'svm__class_weight': 'balanced', 'svm__gamma': 0.03}",0.24902664382338727,0.2240991067925043,0.30105771117015495,0.3490292058074283,0.21275952164182543,0.26719443784706004,0.05097859732856764,145
1.3873735427856446,0.46636152095838146,0.28945064544677734,0.029091907038675334,200,3,,0.03,"{'selector__k': 200, 'svm__C': 3, 'svm__class_weight': None, 'svm__gamma': 0.03}",0.24902664382338727,0.2240991067925043,0.30105771117015495,0.3490292058074283,0.21275952164182543,0.26719443784706004,0.05097859732856764,145
0.9777561664581299,0.29881172716982596,0.29425711631774903,0.05465092216228683,200,30,,0.03,"{'selector__k': 200, 'svm__C': 30, 'svm__class_weight': None, 'svm__gamma': 0.03}",0.24902664382338727,0.2240991067925043,0.30105771117015495,0.3490292058074283,0.21275952164182543,0.26719443784706004,0.05097859732856764,145
0.8357189655303955,0.23208150762145094,0.20075836181640624,0.02217053366399429,200,30,balanced,0.03,"{'selector__k': 200, 'svm__C': 30, 'svm__class_weight': 'balanced', 'svm__gamma': 0.03}",0.24902664382338727,0.2240991067925043,0.30105771117015495,0.3490292058074283,0.21275952164182543,0.26719443784706004,0.05097859732856764,145
1.1217904567718506,0.39076297531797904,0.38523335456848146,0.2232975178114689,200,10,balanced,0.03,"{'selector__k': 200, 'svm__C': 10, 'svm__class_weight': 'balanced', 'svm__gamma': 0.03}",0.24902664382338727,0.2240991067925043,0.30105771117015495,0.3490292058074283,0.21275952164182543,0.26719443784706004,0.05097859732856764,145
0.8310513496398926,0.1448696955153945,0.27088232040405275,0.08044567855192587,200,10,,0.03,"{'selector__k': 200, 'svm__C': 10, 'svm__class_weight': None, 'svm__gamma': 0.03}",0.24902664382338727,0.2240991067925043,0.30105771117015495,0.3490292058074283,0.21275952164182543,0.26719443784706004,0.05097859732856764,145
0.8287405967712402,0.1537421515195319,0.23574886322021485,0.024493634354030108,200,1,,0.03,"{'selector__k': 200, 'svm__C': 1, 'svm__class_weight': None, 'svm__gamma': 0.03}",0.2322758835831841,0.22539811309842742,0.29198847109824405,0.3403488251415451,0.1948311161684217,0.25696848181796444,0.05224202542108384,151
1.02005033493042,0.32665555781793426,0.22291808128356932,0.024005669028743563,200,1,balanced,0.03,"{'selector__k': 200, 'svm__C': 1, 'svm__class_weight': 'balanced', 'svm__gamma': 0.03}",0.22139061939921775,0.2020561603836865,0.27093432013993646,0.3005848682474277,0.15238664120619008,0.2294705218752917,0.0520293254338183,152
1.2440922737121582,0.4314280317294741,0.43000173568725586,0.15694315970296793,250,30,balanced,0.03,"{'selector__k': 250, 'svm__C': 30, 'svm__class_weight': 'balanced', 'svm__gamma': 0.03}",0.16460806721676285,0.16529740033660129,0.20094597183378812,0.24355704598931494,0.2317542593361332,0.2012325489425201,0.03272829830304282,153
1.4321402549743651,0.3427714661374235,0.3888214588165283,0.03965240077916546,250,3,,0.03,"{'selector__k': 250, 'svm__C': 3, 'svm__class_weight': None, 'svm__gamma': 0.03}",0.16460806721676285,0.16529740033660129,0.20094597183378812,0.24355704598931494,0.2317542593361332,0.2012325489425201,0.03272829830304282,153
0.7806493759155273,0.10051575523208764,0.25050969123840333,0.02835512018817169,250,10,balanced,0.03,"{'selector__k': 250, 'svm__C': 10, 'svm__class_weight': 'balanced', 'svm__gamma': 0.03}",0.16460806721676285,0.16529740033660129,0.20094597183378812,0.24355704598931494,0.2317542593361332,0.2012325489425201,0.03272829830304282,153
1.1738288879394532,0.22773530968436043,0.29054532051086424,0.05443069466309457,250,30,,0.03,"{'selector__k': 250, 'svm__C': 30, 'svm__class_weight': None, 'svm__gamma': 0.03}",0.16460806721676285,0.16529740033660129,0.20094597183378812,0.24355704598931494,0.2317542593361332,0.2012325489425201,0.03272829830304282,153
1.221053171157837,0.4851193672176782,0.2917226791381836,0.055070871392719024,250,3,balanced,0.03,"{'selector__k': 250, 'svm__C': 3, 'svm__class_weight': 'balanced', 'svm__gamma': 0.03}",0.16460806721676285,0.16529740033660129,0.20094597183378812,0.24355704598931494,0.2317542593361332,0.2012325489425201,0.03272829830304282,153
1.2922319889068603,0.3129273274464429,0.4506844520568848,0.18224458799739202,250,10,,0.03,"{'selector__k': 250, 'svm__C': 10, 'svm__class_weight': None, 'svm__gamma': 0.03}",0.16460806721676285,0.16529740033660129,0.20094597183378812,0.24355704598931494,0.2317542593361332,0.2012325489425201,0.03272829830304282,153
1.0566204071044922,0.3097447938737153,0.29539761543273924,0.04165053125752844,250,1,,0.03,"{'selector__k': 250, 'svm__C': 1, 'svm__class_weight': None, 'svm__gamma': 0.03}",0.16273455020682895,0.13227288078351906,0.18793730223617786,0.2313199082878805,0.20726124117428463,0.1843051765377382,0.03441862857229104,159
0.7474905014038086,0.10396482853175586,0.24599738121032716,0.019984330321508603,all,3,,0.03,"{'selector__k': 'all', 'svm__C': 3, 'svm__class_weight': None, 'svm__gamma': 0.03}",0.15417283098736492,0.14260383379282823,0.19505048494392033,0.22948648182446085,0.15738569048003012,0.1757398644057209,0.03212976223151451,160
0.8513895511627197,0.17225327555533892,0.28803038597106934,0.02556395426125863,all,30,,0.03,"{'selector__k': 'all', 'svm__C': 30, 'svm__class_weight': None, 'svm__gamma': 0.03}",0.15417283098736492,0.14260383379282823,0.19505048494392033,0.22948648182446085,0.15738569048003012,0.1757398644057209,0.03212976223151451,160
0.7803265571594238,0.0879910676179795,0.2801875114440918,0.05458378156308734,all,10,balanced,0.03,"{'selector__k': 'all', 'svm__C': 10, 'svm__class_weight': 'balanced', 'svm__gamma': 0.03}",0.15417283098736492,0.14260383379282823,0.19505048494392033,0.22948648182446085,0.15738569048003012,0.1757398644057209,0.03212976223151451,160
0.7917442321777344,0.123486917656067,0.26354284286499025,0.041635533169796665,all,10,,0.03,"{'selector__k': 'all', 'svm__C': 10, 'svm__class_weight': None, 'svm__gamma': 0.03}",0.15417283098736492,0.14260383379282823,0.19505048494392033,0.22948648182446085,0.15738569048003012,0.1757398644057209,0.03212976223151451,160
0.7906477928161622,0.12699417550841888,0.24946064949035646,0.04060484930470759,all,3,balanced,0.03,"{'selector__k': 'all', 'svm__C': 3, 'svm__class_weight': 'balanced', 'svm__gamma': 0.03}",0.15417283098736492,0.14260383379282823,0.19505048494392033,0.22948648182446085,0.15738569048003012,0.1757398644057209,0.03212976223151451,160
0.6927789688110352,0.09057456086322631,0.24452557563781738,0.022129325662675215,all,30,balanced,0.03,"{'selector__k': 'all', 'svm__C': 30, 'svm__class_weight': 'balanced', 'svm__gamma': 0.03}",0.15417283098736492,0.14260383379282823,0.19505048494392033,0.22948648182446085,0.15738569048003012,0.1757398644057209,0.03212976223151451,160
0.9140730857849121,0.12181031177113666,0.32099003791809083,0.024003486274568605,all,1,,0.03,"{'selector__k': 'all', 'svm__C': 1, 'svm__class_weight': None, 'svm__gamma': 0.03}",0.14009652200450676,0.12223608830505381,0.1604744553103344,0.20400601282753247,0.1476721363550632,0.15489704296049817,0.027498331240103938,166
1.8233527660369873,0.17414145639967823,0.48828763961791993,0.1478121522457825,250,1,balanced,0.03,"{'selector__k': 250, 'svm__C': 1, 'svm__class_weight': 'balanced', 'svm__gamma': 0.03}",0.09280516410565515,0.08877184907874644,0.17342896891776816,0.14244666021766944,0.11773368606701938,0.1230372656773717,0.031724675092717335,167
1.1348319053649902,0.3674144400321728,0.3315934658050537,0.09276415447881031,all,1,balanced,0.03,"{'selector__k': 'all', 'svm__C': 1, 'svm__class_weight': 'balanced', 'svm__gamma': 0.03}",0.0738382945279497,0.0955835835835836,0.13949973682888056,0.09764478148983172,0.08661325528931162,0.09863593034391145,0.022088989722333603,168
